id,code,name,market
1,60310,3S,KOSDAQ
2,95570,AJ네트웍스,KOSPI
3,6840,AK홀딩스,KOSPI
4,54620,APS홀딩스,KOSDAQ
5,265520,AP시스템,KOSDAQ
6,211270,AP위성,KOSDAQ
7,27410,BGF,KOSPI
8,282330,BGF리테일,KOSPI
9,138930,BNK금융지주,KOSPI
10,1460,BYC,KOSPI
11,1465,BYC우,KOSPI
12,13720,CBI,KOSDAQ
13,1040,CJ,KOSPI
14,79160,CJ CGV,KOSPI
15,35760,CJ ENM,KOSDAQ
16,00104K,CJ4우(전환),KOSPI
17,120,CJ대한통운,KOSPI
18,11150,CJ씨푸드,KOSPI
19,11155,CJ씨푸드1우,KOSPI
20,1045,CJ우,KOSPI
21,97950,CJ제일제당,KOSPI
22,97955,CJ제일제당 우,KOSPI
23,51500,CJ프레시웨이,KOSDAQ
24,58820,CMG제약,KOSDAQ
25,23460,CNH,KOSDAQ
26,56730,CNT85,KOSDAQ
27,56000,COWON,KOSDAQ
28,65770,CS,KOSDAQ
29,83660,CSA 코스믹,KOSDAQ
30,590,CS홀딩스,KOSPI
31,12030,DB,KOSPI
32,367340,DB금융스팩8호,KOSDAQ
33,367360,DB금융스팩9호,KOSDAQ
34,16610,DB금융투자,KOSPI
35,5830,DB손해보험,KOSPI
36,990,DB하이텍,KOSPI
37,995,DB하이텍1우,KOSPI
38,139130,DGB금융지주,KOSPI
39,1530,DI동일,KOSPI
40,210,DL,KOSPI
41,1880,DL건설,KOSPI
42,215,DL우,KOSPI
43,375500,DL이앤씨,KOSPI
44,37550K,DL이앤씨우,KOSPI
45,68790,DMS,KOSDAQ
46,4840,DRB동일,KOSPI
47,241520,DSC인베스트먼트,KOSDAQ
48,155660,DSR,KOSPI
49,69730,DSR제강,KOSPI
50,17940,E1,KOSPI
51,245620,EDGC,KOSDAQ
52,37370,EG,KOSDAQ
53,278990,EMB,KONEX
54,79190,EMW,KOSDAQ
55,365550,ESR켄달스퀘어리츠,KOSPI
56,50120,ES큐브,KOSDAQ
57,383220,F&F,KOSPI
58,7700,F&F홀딩스,KOSPI
59,214270,FSN,KOSDAQ
60,130500,GH신소재,KOSDAQ
61,114090,GKL,KOSPI
62,900290,GRT,KOSDAQ
63,78930,GS,KOSPI
64,83450,GST,KOSDAQ
65,6360,GS건설,KOSPI
66,1250,GS글로벌,KOSPI
67,7070,GS리테일,KOSPI
68,78935,GS우,KOSPI
69,45890,GV,KOSDAQ
70,297890,HB솔루션,KOSDAQ
71,78150,HB테크놀러지,KOSDAQ
72,12630,HDC,KOSPI
73,39570,HDC아이콘트롤스,KOSPI
74,89470,HDC현대EP,KOSPI
75,294870,HDC현대산업개발,KOSPI
76,195940,HK이노엔,KOSDAQ
77,11200,HMM,KOSPI
78,36640,HRS,KOSDAQ
79,82740,HSD엔진,KOSPI
80,335870,IBKS제12호스팩,KOSDAQ
81,351340,IBKS제13호스팩,KOSDAQ
82,351320,IBKS제14호스팩,KOSDAQ
83,373200,IBKS제15호스팩,KOSDAQ
84,388790,IBKS제16호스팩,KOSDAQ
85,3560,IHQ,KOSPI
86,95340,ISC,KOSDAQ
87,99520,ITX-AI,KOSDAQ
88,175330,JB금융지주,KOSPI
89,950170,JTC,KOSDAQ
90,234080,JW생명과학,KOSPI
91,67290,JW신약,KOSDAQ
92,1060,JW중외제약,KOSPI
93,1067,JW중외제약2우B,KOSPI
94,1065,JW중외제약우,KOSPI
95,96760,JW홀딩스,KOSPI
96,35900,JYP Ent.,KOSDAQ
97,24840,KBI메탈,KOSDAQ
98,105560,KB금융,KOSPI
99,24120,KB오토시스,KOSDAQ
100,2380,KCC,KOSPI
101,21320,KCC건설,KOSDAQ
102,344820,KCC글라스,KOSPI
103,36670,KCI,KOSDAQ
104,9070,KCTC,KOSPI
105,9440,KC그린홀딩스,KOSPI
106,112190,KC산업,KONEX
107,119650,KC코트렐,KOSPI
108,44180,KD,KOSDAQ
109,92220,KEC,KOSPI
110,151860,KG ETS,KOSDAQ
111,16380,KG동부제철,KOSPI
112,16385,KG동부제철우,KOSPI
113,46440,KG모빌리언스,KOSDAQ
114,35600,KG이니시스,KOSDAQ
115,1390,KG케미칼,KOSPI
116,226360,KH E&T,KOSDAQ
117,111870,KH 일렉트론,KOSDAQ
118,33180,KH 필룩스,KOSPI
119,60720,KH바텍,KOSDAQ
120,1940,KISCO홀딩스,KOSPI
121,122450,KMH,KOSDAQ
122,52900,KMH하이텍,KOSDAQ
123,58400,KNN,KOSDAQ
124,114450,KPX생명과학,KOSDAQ
125,25000,KPX케미칼,KOSPI
126,92230,KPX홀딩스,KOSPI
127,40,KR모터스,KOSPI
128,44450,KSS해운,KOSPI
129,30200,KT,KOSPI
130,33780,KT&G,KOSPI
131,30210,KTB투자증권,KOSPI
132,58850,KTcs,KOSPI
133,58860,KTis,KOSPI
134,60370,KT서브마린,KOSDAQ
135,93050,LF,KOSPI
136,3550,LG,KOSPI
137,34220,LG디스플레이,KOSPI
138,51900,LG생활건강,KOSPI
139,51905,LG생활건강우,KOSPI
140,3555,LG우,KOSPI
141,32640,LG유플러스,KOSPI
142,11070,LG이노텍,KOSPI
143,66570,LG전자,KOSPI
144,66575,LG전자우,KOSPI
145,37560,LG헬로비전,KOSPI
146,51910,LG화학,KOSPI
147,51915,LG화학우,KOSPI
148,79550,LIG넥스원,KOSPI
149,6260,LS,KOSPI
150,10120,LS ELECTRIC,KOSPI
151,680,LS네트웍스,KOSPI
152,229640,LS전선아시아,KOSPI
153,108320,LX세미콘,KOSDAQ
154,1120,LX인터내셔널,KOSPI
155,108670,LX하우시스,KOSPI
156,108675,LX하우시스우,KOSPI
157,383800,LX홀딩스,KOSPI
158,38380K,LX홀딩스1우,KOSPI
159,23150,MH에탄올,KOSPI
160,35420,NAVER,KOSPI
161,160550,NEW,KOSDAQ
162,53290,NE능률,KOSDAQ
163,181710,NHN,KOSPI
164,104200,NHN벅스,KOSDAQ
165,60250,NHN한국사이버결제,KOSDAQ
166,5940,NH투자증권,KOSPI
167,5945,NH투자증권우,KOSPI
168,338100,NH프라임리츠,KOSPI
169,34310,NICE,KOSPI
170,30190,NICE평가정보,KOSDAQ
171,8260,NI스틸,KOSPI
172,4250,NPC,KOSPI
173,4255,NPC우,KOSPI
174,10060,OCI,KOSPI
175,78590,OQP,KOSDAQ
176,178920,PI첨단소재,KOSPI
177,24940,PN풍년,KOSDAQ
178,5490,POSCO,KOSPI
179,218410,RFHIC,KOSDAQ
180,327260,RF머트리얼즈,KOSDAQ
181,91340,S&K폴리텍,KOSDAQ
182,10950,S-Oil,KOSPI
183,10955,S-Oil우,KOSPI
184,19550,SBI인베스트먼트,KOSDAQ
185,950110,SBI핀테크솔루션즈,KOSDAQ
186,34120,SBS,KOSPI
187,101060,SBS미디어홀딩스,KOSPI
188,46140,SBS콘텐츠허브,KOSDAQ
189,36120,SCI평가정보,KOSDAQ
190,99220,SDN,KOSDAQ
191,36540,SFA반도체,KOSDAQ
192,255220,SG,KOSDAQ
193,40610,SG&G,KOSDAQ
194,49470,SGA,KOSDAQ
195,184230,SGA솔루션즈,KOSDAQ
196,5090,SGC에너지,KOSPI
197,16250,SGC이테크건설,KOSDAQ
198,1380,SG글로벌,KOSPI
199,4060,SG세계물산,KOSPI
200,1770,SHD,KOSPI
201,2360,SH에너지화학,KOSPI
202,9160,SIMPAC,KOSPI
203,123700,SJM,KOSPI
204,25530,SJM홀딩스,KOSPI
205,34730,SK,KOSPI
206,337450,SK5호스팩,KOSDAQ
207,340350,SK6호스팩,KOSDAQ
208,11790,SKC,KOSPI
209,18670,SK가스,KOSPI
210,1740,SK네트웍스,KOSPI
211,1745,SK네트웍스우,KOSPI
212,6120,SK디스커버리,KOSPI
213,6125,SK디스커버리우,KOSPI
214,210980,SK디앤디,KOSPI
215,68400,SK렌터카,KOSPI
216,395400,SK리츠,KOSPI
217,36490,SK머티리얼즈,KOSDAQ
218,302440,SK바이오사이언스,KOSPI
219,326030,SK바이오팜,KOSPI
220,361610,SK아이이테크놀로지,KOSPI
221,03473K,SK우,KOSPI
222,96770,SK이노베이션,KOSPI
223,96775,SK이노베이션우,KOSPI
224,1510,SK증권,KOSPI
225,1515,SK증권우,KOSPI
226,285130,SK케미칼,KOSPI
227,28513K,SK케미칼우,KOSPI
228,17670,SK텔레콤,KOSPI
229,660,SK하이닉스,KOSPI
230,48550,SM C&C,KOSDAQ
231,63440,SM Life Design,KOSDAQ
232,950180,SNK,KOSDAQ
233,64960,SNT모티브,KOSPI
234,100840,SNT에너지,KOSPI
235,3570,SNT중공업,KOSPI
236,36530,SNT홀딩스,KOSPI
237,5610,SPC삼립,KOSPI
238,11810,STX,KOSPI
239,77970,STX엔진,KOSPI
240,71970,STX중공업,KOSPI
241,2820,SUN&L,KOSPI
242,289080,SV인베스트먼트,KOSDAQ
243,84870,TBH글로벌,KOSPI
244,2710,TCC스틸,KOSPI
245,89230,THE E&M,KOSDAQ
246,161570,THE MIDONG,KOSDAQ
247,192410,THQ,KOSDAQ
248,32540,TJ미디어,KOSDAQ
249,48770,TPC,KOSDAQ
250,246690,TS인베스트먼트,KOSDAQ
251,317240,TS트릴리온,KOSDAQ
252,2900,TYM,KOSPI
253,38340,UCI,KOSDAQ
254,73570,WI,KOSDAQ
255,24070,WISCOM,KOSPI
256,57030,YBM넷,KOSDAQ
257,37270,YG PLUS,KOSPI
258,40300,YTN,KOSDAQ
259,51390,YW,KOSDAQ
260,52220,iMBC,KOSDAQ
261,79940,가비아,KOSDAQ
262,78890,가온미디어,KOSDAQ
263,500,가온전선,KOSPI
264,36620,감성코퍼레이션,KOSDAQ
265,860,강남제비스코,KOSPI
266,217730,강스템바이오텍,KOSDAQ
267,114190,강원,KOSDAQ
268,35250,강원랜드,KOSPI
269,94480,갤럭시아머니트리,KOSDAQ
270,11420,갤럭시아에스엠,KOSPI
271,63080,게임빌,KOSDAQ
272,39240,경남스틸,KOSDAQ
273,53950,경남제약,KOSDAQ
274,223310,경남제약헬스케어,KOSDAQ
275,2100,경농,KOSPI
276,9450,경동나비엔,KOSPI
277,267290,경동도시가스,KOSPI
278,12320,경동인베스트,KOSPI
279,11040,경동제약,KOSDAQ
280,50,경방,KOSPI
281,214390,경보제약,KOSPI
282,12610,경인양행,KOSPI
283,9140,경인전자,KOSPI
284,24910,경창산업,KOSDAQ
285,13580,계룡건설,KOSPI
286,12200,계양전기,KOSPI
287,12205,계양전기우,KOSPI
288,2140,고려산업,KOSPI
289,198440,고려시멘트,KOSDAQ
290,49720,고려신용정보,KOSDAQ
291,10130,고려아연,KOSPI
292,2240,고려제강,KOSPI
293,14570,고려제약,KOSDAQ
294,348150,고바이오랩,KOSDAQ
295,98460,고영,KOSDAQ
296,35290,골드앤에스,KOSDAQ
297,38530,골드퍼시픽,KOSDAQ
298,900280,골든센츄리,KOSDAQ
299,215000,골프존,KOSDAQ
300,121440,골프존뉴딘홀딩스,KOSDAQ
301,183410,골프존데카,KONEX
302,76340,관악산업,KONEX
303,9290,광동제약,KOSPI
304,14200,광림,KOSDAQ
305,17040,광명전기,KOSPI
306,17900,광전자,KOSPI
307,37710,광주신세계,KOSPI
308,26910,광진실업,KOSDAQ
309,90150,광진윈텍,KOSDAQ
310,355150,교보10호스팩,KOSDAQ
311,331520,교보9호스팩,KOSDAQ
312,30610,교보증권,KOSPI
313,339770,교촌에프앤비,KOSPI
314,53270,구영테크,KOSDAQ
315,7690,국도화학,KOSPI
316,5320,국동,KOSPI
317,1140,국보,KOSPI
318,66620,국보디자인,KOSDAQ
319,43650,국순당,KOSDAQ
320,6050,국영지앤엠,KOSDAQ
321,60480,국일신동,KOSDAQ
322,78130,국일제지,KOSDAQ
323,307750,국전약품,KOSDAQ
324,2720,국제약품,KOSPI
325,243870,굿센,KONEX
326,204020,그리티,KOSDAQ
327,83420,그린케미칼,KOSPI
328,186230,그린플러스,KOSDAQ
329,14530,극동유화,KOSPI
330,900070,글로벌에스엠,KOSDAQ
331,204620,글로벌텍스프리,KOSDAQ
332,19660,글로본,KOSDAQ
333,14280,금강공업,KOSPI
334,14285,금강공업우,KOSPI
335,53260,금강철강,KOSDAQ
336,8870,금비,KOSPI
337,1570,금양,KOSPI
338,2990,금호건설,KOSPI
339,2995,금호건설우,KOSPI
340,11780,금호석유,KOSPI
341,11785,금호석유우,KOSPI
342,214330,금호에이치티,KOSPI
343,1210,금호전기,KOSPI
344,73240,금호타이어,KOSPI
345,36190,금화피에스시,KOSDAQ
346,49080,기가레인,KOSDAQ
347,35460,기산텔레콤,KOSDAQ
348,92440,기신정기,KOSPI
349,270,기아,KOSPI
350,24110,기업은행,KOSPI
351,13700,까뮤이앤씨,KOSPI
352,308100,까스텔바작,KOSDAQ
353,4540,깨끗한나라,KOSPI
354,4545,깨끗한나라우,KOSPI
355,187790,나노,KOSDAQ
356,286750,나노브릭,KOSDAQ
357,151910,나노스,KOSDAQ
358,121600,나노신소재,KOSDAQ
359,247660,나노씨엠에스,KOSDAQ
360,39860,나노엔텍,KOSDAQ
361,91970,나노캠텍,KOSDAQ
362,244880,나눔테크,KONEX
363,288490,나라소프트,KONEX
364,51490,나라엠앤디,KOSDAQ
365,190510,나무가,KOSDAQ
366,242040,나무기술,KOSDAQ
367,89600,나스미디어,KOSDAQ
368,293580,나우IB,KOSDAQ
369,257990,나우코스,KONEX
370,138610,나이벡,KOSDAQ
371,130580,나이스디앤비,KOSDAQ
372,36800,나이스정보통신,KOSDAQ
373,267320,나인테크,KOSDAQ
374,1260,남광토건,KOSPI
375,8350,남선알미늄,KOSPI
376,8355,남선알미우,KOSPI
377,4270,남성,KOSPI
378,3920,남양유업,KOSPI
379,3925,남양유업우,KOSPI
380,25860,남해화학,KOSPI
381,111710,남화산업,KOSDAQ
382,91590,남화토건,KOSDAQ
383,168330,내츄럴엔도텍,KOSDAQ
384,94860,네오리진,KOSDAQ
385,253590,네오셈,KOSDAQ
386,212560,네오오토,KOSDAQ
387,95660,네오위즈,KOSDAQ
388,42420,네오위즈홀딩스,KOSDAQ
389,950220,네오이뮨텍(Reg.S),KOSDAQ
390,311390,네오크레마,KOSDAQ
391,85910,네오티스,KOSDAQ
392,92730,네오팜,KOSDAQ
393,290660,네오펙트,KOSDAQ
394,306620,네온테크,KOSDAQ
395,153460,네이블,KOSDAQ
396,7390,네이처셀,KOSDAQ
397,86220,네추럴FNP,KONEX
398,33640,네패스,KOSDAQ
399,330860,네패스아크,KOSDAQ
400,5720,넥센,KOSPI
401,5725,넥센우,KOSPI
402,2350,넥센타이어,KOSPI
403,2355,넥센타이어1우B,KOSPI
404,89140,넥스턴바이오,KOSDAQ
405,65170,넥스트BT,KOSDAQ
406,3580,넥스트사이언스,KOSPI
407,137940,넥스트아이,KOSDAQ
408,348210,넥스틴,KOSDAQ
409,41140,넥슨지티,KOSDAQ
410,217270,넵튠,KOSDAQ
411,225570,넷게임즈,KOSDAQ
412,251270,넷마블,KOSPI
413,317860,노드메이슨,KONEX
414,104620,노랑풍선,KOSDAQ
415,90350,노루페인트,KOSPI
416,90355,노루페인트우,KOSPI
417,320,노루홀딩스,KOSPI
418,325,노루홀딩스우,KOSPI
419,194700,노바렉스,KOSDAQ
420,285490,노바텍,KOSDAQ
421,229500,노브메타파마,KONEX
422,278650,노터스,KOSDAQ
423,6280,녹십자,KOSPI
424,144510,녹십자랩셀,KOSDAQ
425,31390,녹십자셀,KOSDAQ
426,142280,녹십자엠에스,KOSDAQ
427,234690,녹십자웰빙,KOSDAQ
428,5250,녹십자홀딩스,KOSPI
429,5257,녹십자홀딩스2우,KOSPI
430,65560,녹원씨엔아이,KOSDAQ
431,4370,농심,KOSPI
432,72710,농심홀딩스,KOSPI
433,54050,농우바이오,KOSDAQ
434,69140,누리플랜,KOSDAQ
435,40160,누리플렉스,KOSDAQ
436,126870,뉴로스,KOSDAQ
437,60260,뉴보텍,KOSDAQ
438,12340,뉴인텍,KOSDAQ
439,214870,뉴지랩파마,KOSDAQ
440,270870,뉴트리,KOSDAQ
441,144960,뉴파워프라즈마,KOSDAQ
442,85670,뉴프렉스,KOSDAQ
443,119860,다나와,KOSDAQ
444,64260,다날,KOSDAQ
445,93640,다믈멀티미디어,KOSDAQ
446,340360,다보링크,KOSDAQ
447,39560,다산네트웍스,KOSDAQ
448,58730,다스코,KOSPI
449,23590,다우기술,KOSPI
450,32190,다우데이타,KOSDAQ
451,323350,다원넥스뷰,KONEX
452,68240,다원시스,KOSDAQ
453,145210,다이나믹디자인,KOSPI
454,86080,다이노나,KONEX
455,271850,다이오진,KONEX
456,343090,단디바이오,KONEX
457,19680,대교,KOSPI
458,19685,대교우B,KOSPI
459,6370,대구백화점,KOSPI
460,8060,대덕,KOSPI
461,00806K,대덕1우,KOSPI
462,353200,대덕전자,KOSPI
463,35320K,대덕전자1우,KOSPI
464,490,대동,KOSPI
465,178600,대동고려삼,KONEX
466,20400,대동금속,KOSDAQ
467,8830,대동기어,KOSDAQ
468,48470,대동스틸,KOSDAQ
469,8110,대동전자,KOSPI
470,4780,대륙제관,KOSDAQ
471,5750,대림B&Co,KOSPI
472,17650,대림제지,KOSDAQ
473,6570,대림통상,KOSPI
474,7720,대명소노시즌,KOSDAQ
475,317850,대모,KOSDAQ
476,290670,대보마그네틱,KOSDAQ
477,78140,대봉엘에스,KOSDAQ
478,1680,대상,KOSPI
479,1685,대상우,KOSPI
480,84690,대상홀딩스,KOSPI
481,84695,대상홀딩스우,KOSPI
482,36480,대성미생물,KOSDAQ
483,128820,대성산업,KOSPI
484,117580,대성에너지,KOSPI
485,25440,대성엘텍,KOSDAQ
486,27830,대성창투,KOSDAQ
487,104040,대성파인텍,KOSDAQ
488,16710,대성홀딩스,KOSPI
489,387310,대신밸런스제10호스팩,KOSDAQ
490,332290,대신밸런스제7호스팩,KOSDAQ
491,336570,대신밸런스제8호스팩,KOSDAQ
492,369370,대신밸런스제9호스팩,KOSDAQ
493,20180,대신정보통신,KOSDAQ
494,3540,대신증권,KOSPI
495,3547,대신증권2우B,KOSPI
496,3545,대신증권우,KOSPI
497,45390,대아티아이,KOSDAQ
498,9190,대양금속,KOSPI
499,108380,대양전기공업,KOSDAQ
500,6580,대양제지,KOSDAQ
501,14160,대영포장,KOSPI
502,47040,대우건설,KOSPI
503,9320,대우부품,KOSPI
504,42660,대우조선해양,KOSPI
505,3090,대웅,KOSPI
506,69620,대웅제약,KOSPI
507,7680,대원,KOSDAQ
508,430,대원강업,KOSPI
509,48910,대원미디어,KOSDAQ
510,5710,대원산업,KOSDAQ
511,6340,대원전선,KOSPI
512,6345,대원전선우,KOSPI
513,3220,대원제약,KOSPI
514,24890,대원화성,KOSPI
515,290380,대유,KOSDAQ
516,2880,대유에이텍,KOSPI
517,290120,대유에이피,KOSDAQ
518,300,대유플러스,KOSPI
519,120240,대정화금,KOSDAQ
520,3310,대주산업,KOSDAQ
521,114920,대주이엔티,KONEX
522,78600,대주전자재료,KOSDAQ
523,12800,대창,KOSPI
524,15230,대창단조,KOSPI
525,96350,대창솔루션,KOSDAQ
526,140520,대창스틸,KOSDAQ
527,131220,대한과학,KOSDAQ
528,10170,대한광통신,KOSDAQ
529,60900,대한그린파워,KOSDAQ
530,54670,대한뉴팜,KOSDAQ
531,1070,대한방직,KOSPI
532,23910,대한약품,KOSDAQ
533,6650,대한유화,KOSPI
534,1440,대한전선,KOSPI
535,84010,대한제강,KOSPI
536,1790,대한제당,KOSPI
537,1795,대한제당우,KOSPI
538,1130,대한제분,KOSPI
539,3490,대한항공,KOSPI
540,3495,대한항공우,KOSPI
541,5880,대한해운,KOSPI
542,3830,대한화섬,KOSPI
543,16090,대현,KOSPI
544,69460,대호에이엘,KOSPI
545,21040,대호특수강,KOSDAQ
546,21045,대호특수강우,KOSDAQ
547,67080,대화제약,KOSDAQ
548,298540,더네이쳐홀딩스,KOSDAQ
549,192080,더블유게임즈,KOSPI
550,299170,더블유에스아이,KOSDAQ
551,12510,더존비즈온,KOSPI
552,302920,더콘텐츠온,KONEX
553,213420,덕산네오룩스,KOSDAQ
554,317330,덕산테코피아,KOSDAQ
555,77360,덕산하이메탈,KOSDAQ
556,4830,덕성,KOSPI
557,4835,덕성우,KOSPI
558,90410,덕신하우징,KOSDAQ
559,24900,덕양산업,KOSPI
560,263600,덕우전자,KOSDAQ
561,194480,데브시스터즈,KOSDAQ
562,348840,데이드림엔터,KONEX
563,263800,데이타솔루션,KOSDAQ
564,199150,데이터스트림즈,KONEX
565,206560,덱스터,KOSDAQ
566,261200,덴티스,KOSDAQ
567,145720,덴티움,KOSPI
568,227420,도부마스크,KONEX
569,67990,도이치모터스,KOSDAQ
570,2150,도화엔지니어링,KOSPI
571,6620,동구바이오제약,KOSDAQ
572,100130,동국S&C,KOSDAQ
573,5160,동국산업,KOSDAQ
574,75970,동국알앤에스,KOSDAQ
575,1230,동국제강,KOSPI
576,86450,동국제약,KOSDAQ
577,23450,동남합성,KOSPI
578,4140,동방,KOSPI
579,99410,동방선기,KOSDAQ
580,7590,동방아그로,KOSPI
581,5960,동부건설,KOSPI
582,5965,동부건설우,KOSPI
583,26960,동서,KOSPI
584,2210,동성제약,KOSPI
585,102260,동성케미컬,KOSPI
586,33500,동성화인텍,KOSDAQ
587,25950,동신건설,KOSDAQ
588,640,동아쏘시오홀딩스,KOSPI
589,170900,동아에스티,KOSPI
590,88130,동아엘텍,KOSDAQ
591,28100,동아지질,KOSPI
592,282690,동아타이어,KOSPI
593,41930,동아화성,KOSDAQ
594,1520,동양,KOSPI
595,1527,동양2우B,KOSPI
596,1529,동양3우B,KOSPI
597,84670,동양고속,KOSPI
598,82640,동양생명,KOSPI
599,60380,동양에스텍,KOSDAQ
600,1525,동양우,KOSPI
601,79960,동양이엔피,KOSDAQ
602,8970,동양철관,KOSPI
603,228340,동양파일,KOSDAQ
604,92780,동양피스톤,KOSPI
605,88910,동우팜투테이블,KOSDAQ
606,94170,동운아나텍,KOSDAQ
607,49770,동원F&B,KOSPI
608,13120,동원개발,KOSDAQ
609,18500,동원금속,KOSPI
610,6040,동원산업,KOSPI
611,30720,동원수산,KOSPI
612,14820,동원시스템즈,KOSPI
613,14825,동원시스템즈우,KOSPI
614,163560,동일고무벨트,KOSPI
615,109860,동일금속,KOSDAQ
616,32960,동일기연,KOSDAQ
617,4890,동일산업,KOSPI
618,2690,동일제강,KOSPI
619,23790,동일철강,KOSDAQ
620,5290,동진쎄미켐,KOSDAQ
621,25900,동화기업,KOSDAQ
622,20,동화약품,KOSPI
623,150,두산,KOSPI
624,157,두산2우B,KOSPI
625,241560,두산밥캣,KOSPI
626,155,두산우,KOSPI
627,34020,두산중공업,KOSPI
628,336260,두산퓨얼셀,KOSPI
629,33626K,두산퓨얼셀1우,KOSPI
630,33626L,두산퓨얼셀2우B,KOSPI
631,16740,두올,KOSPI
632,73190,듀오백,KOSDAQ
633,176750,듀켐바이오,KONEX
634,30350,드래곤플라이,KOSDAQ
635,203650,드림시큐리티,KOSDAQ
636,223250,드림씨아이에스,KOSDAQ
637,60570,드림어스컴퍼니,KOSDAQ
638,192650,드림텍,KOSPI
639,217620,디딤,KOSDAQ
640,187870,디바이스이엔지,KOSDAQ
641,66670,디스플레이텍,KOSDAQ
642,24090,디씨엠,KOSPI
643,3160,디아이,KOSPI
644,92200,디아이씨,KOSPI
645,110990,디아이티,KOSDAQ
646,263690,디알젬,KOSDAQ
647,214680,디알텍,KOSDAQ
648,377190,디앤디플랫폼리츠,KOSPI
649,263720,디앤씨미디어,KOSDAQ
650,109740,디에스케이,KOSDAQ
651,131030,디에이치피코리아,KOSDAQ
652,196490,디에이테크놀로지,KOSDAQ
653,66900,디에이피,KOSDAQ
654,127120,디엔에이링크,KOSDAQ
655,92070,디엔에프,KOSDAQ
656,134580,디엠티,KOSDAQ
657,39840,디오,KOSDAQ
658,13570,디와이,KOSPI
659,219550,디와이디대양,KOSDAQ
660,210540,디와이파워,KOSPI
661,104460,디와이피엔에프,KOSDAQ
662,79810,디이엔티,KOSDAQ
663,113810,디젠스,KOSDAQ
664,43360,디지아이,KOSDAQ
665,197140,디지캡,KOSDAQ
666,106520,디지탈옵틱,KOSDAQ
667,68930,디지털대성,KOSDAQ
668,33130,디지틀조선,KOSDAQ
669,105740,디케이락,KOSDAQ
670,263020,디케이앤디,KOSDAQ
671,290550,디케이티,KOSDAQ
672,7340,디티알오토모티브,KOSPI
673,187220,디티앤씨,KOSDAQ
674,26890,디피씨,KOSPI
675,163430,디피코,KONEX
676,131180,딜리,KOSDAQ
677,315640,딥노이드,KOSDAQ
678,317120,라닉스,KOSDAQ
679,42510,라온시큐어,KOSDAQ
680,232680,라온테크,KOSDAQ
681,300120,라온피플,KOSDAQ
682,171120,라이온켐텍,KOSDAQ
683,69540,라이트론,KOSDAQ
684,285770,라이프사이언스테크놀로지,KONEX
685,347700,라이프시맨틱스,KOSDAQ
686,214260,라파스,KOSDAQ
687,115390,락앤락,KOSPI
688,200350,래몽래인,KONEX
689,171010,램테크놀러지,KOSDAQ
690,84650,랩지노믹스,KOSDAQ
691,217500,러셀,KOSDAQ
692,92590,럭스피아,KONEX
693,141080,레고켐바이오,KOSDAQ
694,60300,레드로버,KOSDAQ
695,38390,레드캡투어,KOSDAQ
696,294140,레몬,KOSDAQ
697,228670,레이,KOSDAQ
698,228850,레이언스,KOSDAQ
699,281740,레이크머티리얼즈,KOSDAQ
700,277810,레인보우로보틱스,KOSDAQ
701,179720,렌딩머신,KONEX
702,215100,로보로보,KOSDAQ
703,90360,로보스타,KOSDAQ
704,238500,로보쓰리,KONEX
705,108490,로보티즈,KOSDAQ
706,900260,로스웰,KOSDAQ
707,67730,로지시스,KOSDAQ
708,71280,로체시스템즈,KOSDAQ
709,32350,롯데관광개발,KOSPI
710,89860,롯데렌탈,KOSPI
711,330590,롯데리츠,KOSPI
712,400,롯데손해보험,KOSPI
713,23530,롯데쇼핑,KOSPI
714,4000,롯데정밀화학,KOSPI
715,286940,롯데정보통신,KOSPI
716,280360,롯데제과,KOSPI
717,4990,롯데지주,KOSPI
718,00499K,롯데지주우,KOSPI
719,5300,롯데칠성,KOSPI
720,5305,롯데칠성우,KOSPI
721,11170,롯데케미칼,KOSPI
722,2270,롯데푸드,KOSPI
723,71840,롯데하이마트,KOSPI
724,38060,루멘스,KOSDAQ
725,162120,루켄테크놀러지스,KONEX
726,253610,루트락,KONEX
727,85370,루트로닉,KOSDAQ
728,08537M,루트로닉3우C,KOSDAQ
729,60240,룽투코리아,KOSDAQ
730,58470,리노공업,KOSDAQ
731,39980,리노스,KOSDAQ
732,19570,리더스 기술투자,KOSDAQ
733,16100,리더스코스메틱,KOSDAQ
734,12700,리드코프,KOSDAQ
735,302550,리메드,KOSDAQ
736,29480,릭스솔루션,KOSDAQ
737,277070,린드먼아시아,KOSDAQ
738,42500,링네트,KOSDAQ
739,219420,링크제니시스,KOSDAQ
740,27740,마니커,KOSPI
741,195500,마니커에프앤지,KOSDAQ
742,222810,마이더스AI,KOSDAQ
743,305090,마이크로디지탈,KOSDAQ
744,98120,마이크로컨텍솔,KOSDAQ
745,147760,마이크로프랜드,KOSDAQ
746,38290,마크로젠,KOSDAQ
747,204320,만도,KOSPI
748,1080,만호제강,KOSPI
749,220630,맘스터치,KOSDAQ
750,267980,매일유업,KOSDAQ
751,5990,매일홀딩스,KOSDAQ
752,127160,매직마이크로,KOSDAQ
753,93520,매커스,KOSDAQ
754,377030,맥스트,KOSDAQ
755,88980,맥쿼리인프라,KOSPI
756,94800,맵스리얼티1,KOSPI
757,100590,머큐리,KOSDAQ
758,67280,멀티캠퍼스,KOSDAQ
759,72870,메가스터디,KOSDAQ
760,215200,메가스터디교육,KOSDAQ
761,133750,메가엠디,KOSDAQ
762,235980,메드팩토,KOSDAQ
763,200580,메디쎄이,KONEX
764,41920,메디아나,KOSDAQ
765,233250,메디안디노스틱,KONEX
766,14100,메디앙스,KOSDAQ
767,236340,메디젠휴먼케어,KONEX
768,54180,메디콕스,KOSDAQ
769,86900,메디톡스,KOSDAQ
770,78160,메디포스트,KOSDAQ
771,65650,메디프론,KOSDAQ
772,138040,메리츠금융지주,KOSPI
773,8560,메리츠증권,KOSPI
774,60,메리츠화재,KOSPI
775,21880,메이슨캐피탈,KOSDAQ
776,140410,메지온,KOSDAQ
777,241770,메카로,KOSDAQ
778,90370,메타랩스,KOSPI
779,59210,메타바이오메드,KOSDAQ
780,58110,멕아이씨에스,KOSDAQ
781,96640,멜파스,KOSDAQ
782,17180,명문제약,KOSPI
783,257370,명성티엔에스,KOSDAQ
784,9900,명신산업,KOSPI
785,267060,명진홀딩스,KONEX
786,12690,모나리자,KOSPI
787,5360,모나미,KOSPI
788,80420,모다이노칩,KOSDAQ
789,80160,모두투어,KOSDAQ
790,204210,모두투어리츠,KOSPI
791,100030,모바일리더,KOSDAQ
792,87260,모바일어플라이언스,KOSDAQ
793,101330,모베이스,KOSDAQ
794,12860,모베이스전자,KOSDAQ
795,348030,모비릭스,KOSDAQ
796,250060,모비스,KOSDAQ
797,33200,모아텍,KOSDAQ
798,9680,모토닉,KOSPI
799,118990,모트렉스,KOSDAQ
800,6920,모헨즈,KOSDAQ
801,9580,무림P&P,KOSPI
802,1810,무림SP,KOSDAQ
803,9200,무림페이퍼,KOSPI
804,322970,무진메디,KONEX
805,33920,무학,KOSPI
806,8420,문배철강,KOSPI
807,279600,미디어젠,KOSDAQ
808,95500,미래나노텍,KOSDAQ
809,25560,미래산업,KOSPI
810,218150,미래생명자원,KOSDAQ
811,7120,미래아이앤지,KOSPI
812,353490,미래에셋대우스팩 5호,KOSDAQ
813,328380,미래에셋대우스팩3호,KOSDAQ
814,357250,미래에셋맵스리츠,KOSPI
815,100790,미래에셋벤처투자,KOSDAQ
816,85620,미래에셋생명,KOSPI
817,6800,미래에셋증권,KOSPI
818,00680K,미래에셋증권2우B,KOSPI
819,6805,미래에셋증권우,KOSPI
820,208890,미래엔에듀파트너,KONEX
821,49950,미래컴퍼니,KOSDAQ
822,207760,미스터블루,KOSDAQ
823,225850,미애부,KONEX
824,2840,미원상사,KOSPI
825,268280,미원에스씨,KOSPI
826,107590,미원홀딩스,KOSPI
827,134380,미원화학,KOSPI
828,3650,미창석유,KOSPI
829,59090,미코,KOSDAQ
830,214610,미코바이오메드,KOSDAQ
831,201490,미투온,KOSDAQ
832,950190,미투젠,KOSDAQ
833,214180,민앤지,KOSDAQ
834,155900,바다로19호,KOSPI
835,206640,바디텍메드,KOSDAQ
836,18700,바른손,KOSDAQ
837,35620,바른손이앤에이,KOSDAQ
838,64520,바른전자,KOSDAQ
839,53030,바이넥스,KOSDAQ
840,301300,바이브컴퍼니,KOSDAQ
841,64550,바이오니아,KOSDAQ
842,314930,바이오다인,KOSDAQ
843,208710,바이오로그디바이스,KOSDAQ
844,142760,바이오리더스,KOSDAQ
845,86820,바이오솔루션,KOSDAQ
846,38460,바이오스마트,KOSDAQ
847,281310,바이오시네틱스,KONEX
848,266470,바이오인프라생명과학,KONEX
849,86040,바이오톡스텍,KOSDAQ
850,199290,바이오프로테크,KONEX
851,99430,바이오플러스,KOSDAQ
852,32980,바이온,KOSDAQ
853,222160,바이옵트로,KONEX
854,308080,바이젠셀,KOSDAQ
855,43150,바텍,KOSDAQ
856,323990,박셀바이오,KOSDAQ
857,3610,방림,KOSPI
858,267790,배럴,KOSDAQ
859,1340,백광산업,KOSPI
860,46310,백금T&A,KOSDAQ
861,35150,백산,KOSPI
862,66410,버킷스튜디오,KOSDAQ
863,2410,범양건영,KOSPI
864,206400,베노홀딩스,KOSDAQ
865,19010,베뉴지,KOSDAQ
866,177350,베셀,KOSDAQ
867,299910,베스파,KOSDAQ
868,96300,베트남개발1,KOSPI
869,7210,벽산,KOSPI
870,225530,보광산업,KOSDAQ
871,250000,보라티알,KOSDAQ
872,2760,보락,KOSPI
873,3850,보령제약,KOSPI
874,6910,보성파워텍,KOSDAQ
875,890,보해양조,KOSPI
876,226340,본느,KOSDAQ
877,206950,볼빅,KONEX
878,3000,부광약품,KOSPI
879,1270,부국증권,KOSPI
880,1275,부국증권우,KOSPI
881,26940,부국철강,KOSPI
882,14470,부방,KOSDAQ
883,15350,부산가스,KOSPI
884,11390,부산산업,KOSPI
885,5030,부산주공,KOSPI
886,8470,부스타,KOSDAQ
887,338220,뷰노,KOSDAQ
888,100120,뷰웍스,KOSDAQ
889,337930,브랜드엑스코퍼레이션,KOSDAQ
890,99390,브레인즈컴퍼니,KOSDAQ
891,64480,브리지텍,KOSDAQ
892,288330,브릿지바이오테라퓨틱스,KOSDAQ
893,251630,브이원텍,KOSDAQ
894,18290,브이티지엠피,KOSDAQ
895,44480,블루베리 NFT,KOSDAQ
896,33560,블루콤,KOSDAQ
897,191600,블루탑,KONEX
898,126340,비나텍,KOSDAQ
899,121800,비덴트,KOSDAQ
900,148140,비디아이,KOSDAQ
901,82800,비보존 헬스케어,KOSDAQ
902,318410,비비씨,KOSDAQ
903,2070,비비안,KOSPI
904,100220,비상교육,KOSPI
905,200780,비씨월드제약,KOSDAQ
906,141000,비아트론,KOSDAQ
907,90460,비에이치,KOSDAQ
908,83650,비에이치아이,KOSDAQ
909,215050,비엔디생활건강,KONEX
910,86670,비엠티,KOSDAQ
911,335890,비올,KOSDAQ
912,138580,비즈니스온,KOSDAQ
913,82920,비츠로셀,KOSDAQ
914,54220,비츠로시스,KOSDAQ
915,42370,비츠로테크,KOSDAQ
916,30790,비케이탑스,KOSPI
917,32850,비트컴퓨터,KOSDAQ
918,148780,비플라이소프트,KONEX
919,238200,비피도,KOSDAQ
920,93190,빅솔론,KOSDAQ
921,65450,빅텍,KOSDAQ
922,210120,빅텐츠,KONEX
923,5180,빙그레,KOSPI
924,72950,빛샘전자,KOSDAQ
925,266170,뿌리깊은나무들,KONEX
926,143240,사람인에이치알,KOSDAQ
927,3960,사조대림,KOSPI
928,8040,사조동아원,KOSPI
929,7160,사조산업,KOSPI
930,14710,사조씨푸드,KOSPI
931,6090,사조오양,KOSPI
932,100090,삼강엠앤티,KOSDAQ
933,122350,삼기,KOSDAQ
934,14970,삼륭물산,KOSDAQ
935,18310,삼목에스폼,KOSDAQ
936,53700,삼보모터스,KOSDAQ
937,9620,삼보산업,KOSDAQ
938,23600,삼보판지,KOSDAQ
939,1470,삼부토건,KOSPI
940,6400,삼성SDI,KOSPI
941,6405,삼성SDI우,KOSPI
942,6660,삼성공조,KOSPI
943,380320,삼성머스트스팩5호,KOSDAQ
944,28260,삼성물산,KOSPI
945,02826K,삼성물산우B,KOSPI
946,207940,삼성바이오로직스,KOSPI
947,32830,삼성생명,KOSPI
948,377630,삼성스팩4호,KOSDAQ
949,18260,삼성에스디에스,KOSPI
950,28050,삼성엔지니어링,KOSPI
951,9150,삼성전기,KOSPI
952,9155,삼성전기우,KOSPI
953,5930,삼성전자,KOSPI
954,5935,삼성전자우,KOSPI
955,1360,삼성제약,KOSPI
956,10140,삼성중공업,KOSPI
957,10145,삼성중공우,KOSPI
958,16360,삼성증권,KOSPI
959,68290,삼성출판사,KOSPI
960,29780,삼성카드,KOSPI
961,810,삼성화재,KOSPI
962,815,삼성화재우,KOSPI
963,6110,삼아알미늄,KOSPI
964,9300,삼아제약,KOSDAQ
965,145990,삼양사,KOSPI
966,145995,삼양사우,KOSPI
967,3230,삼양식품,KOSPI
968,225190,삼양옵틱스,KOSDAQ
969,2170,삼양통상,KOSPI
970,272550,삼양패키징,KOSPI
971,70,삼양홀딩스,KOSPI
972,75,삼양홀딩스우,KOSPI
973,2810,삼영무역,KOSPI
974,361670,삼영에스앤씨,KOSDAQ
975,54540,삼영엠텍,KOSDAQ
976,65570,삼영이엔씨,KOSDAQ
977,5680,삼영전자,KOSPI
978,3720,삼영화학,KOSPI
979,23000,삼원강재,KOSPI
980,4380,삼익THK,KOSPI
981,2450,삼익악기,KOSPI
982,32280,삼일,KOSDAQ
983,2290,삼일기업공사,KOSDAQ
984,4440,삼일씨엔에스,KOSPI
985,520,삼일제약,KOSPI
986,9770,삼정펄프,KOSPI
987,37460,삼지전자,KOSDAQ
988,32750,삼진,KOSDAQ
989,54090,삼진엘앤디,KOSDAQ
990,5500,삼진제약,KOSPI
991,250,삼천당제약,KOSDAQ
992,4690,삼천리,KOSPI
993,24950,삼천리자전거,KOSDAQ
994,38500,삼표시멘트,KOSDAQ
995,17480,삼현철강,KOSDAQ
996,10960,삼호개발,KOSPI
997,46390,삼화네트웍스,KOSDAQ
998,4450,삼화왕관,KOSPI
999,9470,삼화전기,KOSPI
1000,11230,삼화전자,KOSPI
1001,1820,삼화콘덴서,KOSPI
1002,390,삼화페인트,KOSPI
1003,27580,상보,KOSDAQ
1004,38540,상상인,KOSDAQ
1005,307870,상상인이안1호스팩,KOSDAQ
1006,329560,상상인이안제2호스팩,KOSDAQ
1007,101000,상상인인더스트리,KOSDAQ
1008,1290,상상인증권,KOSPI
1009,41650,상신브레이크,KOSPI
1010,91580,상신이디피,KOSDAQ
1011,263810,상신전자,KOSDAQ
1012,89980,상아프론테크,KOSDAQ
1013,42940,상지카일룸,KOSDAQ
1014,42600,새로닉스,KOSDAQ
1015,75180,새론오토모티브,KOSPI
1016,252990,샘씨엔에스,KOSDAQ
1017,263540,샘코,KOSDAQ
1018,7540,샘표,KOSPI
1019,248170,샘표식품,KOSPI
1020,294630,서남,KOSDAQ
1021,38070,서린바이오,KOSDAQ
1022,6730,서부T&D,KOSDAQ
1023,79650,서산,KOSDAQ
1024,100660,서암기계공업,KOSDAQ
1025,7860,서연,KOSPI
1026,200880,서연이화,KOSPI
1027,19770,서연탑메탈,KOSDAQ
1028,17390,서울가스,KOSPI
1029,43710,서울리거,KOSDAQ
1030,92190,서울바이오시스,KOSDAQ
1031,46890,서울반도체,KOSDAQ
1032,4410,서울식품,KOSPI
1033,4415,서울식품우,KOSPI
1034,63170,서울옥션,KOSDAQ
1035,27040,서울전자통신,KOSDAQ
1036,18680,서울제약,KOSDAQ
1037,21050,서원,KOSPI
1038,93920,서원인텍,KOSDAQ
1039,189860,서전기전,KOSDAQ
1040,178320,서진시스템,KOSDAQ
1041,122690,서진오토모티브,KOSDAQ
1042,140070,서플러스글로벌,KOSDAQ
1043,11370,서한,KOSDAQ
1044,65710,서호전기,KOSDAQ
1045,8490,서흥,KOSPI
1046,35890,서희건설,KOSDAQ
1047,357550,석경에이티,KOSDAQ
1048,3100,선광,KOSDAQ
1049,123420,선데이토즈,KOSDAQ
1050,7610,선도전기,KOSPI
1051,67370,선바이오,KONEX
1052,171090,선익시스템,KOSDAQ
1053,136490,선진,KOSPI
1054,86710,선진뷰티사이언스,KOSDAQ
1055,14620,성광벤드,KOSDAQ
1056,37350,성도이엔지,KOSDAQ
1057,14910,성문전자,KOSPI
1058,14915,성문전자우,KOSPI
1059,3080,성보화학,KOSPI
1060,4980,성신양회,KOSPI
1061,4985,성신양회우,KOSPI
1062,11300,성안,KOSPI
1063,81580,성우전자,KOSDAQ
1064,45300,성우테크론,KOSDAQ
1065,15750,성우하이텍,KOSDAQ
1066,180,성창기업지주,KOSPI
1067,80470,성창오토텍,KOSDAQ
1068,43260,성호전자,KOSDAQ
1069,148150,세경하이테크,KOSDAQ
1070,2420,세기상사,KOSPI
1071,53060,세동,KOSDAQ
1072,17510,세명전기,KOSDAQ
1073,4360,세방,KOSPI
1074,4365,세방우,KOSPI
1075,4490,세방전지,KOSPI
1076,11560,세보엠이씨,KOSDAQ
1077,1430,세아베스틸,KOSPI
1078,306200,세아제강,KOSPI
1079,3030,세아제강지주,KOSPI
1080,19440,세아특수강,KOSPI
1081,58650,세아홀딩스,KOSPI
1082,52190,세영디앤씨,KOSDAQ
1083,13000,세우글로벌,KOSPI
1084,100700,세운메디칼,KOSDAQ
1085,234100,세원,KOSDAQ
1086,24830,세원물산,KOSDAQ
1087,91090,세원이앤씨,KOSPI
1088,21820,세원정공,KOSPI
1089,67830,세이브존I&C,KOSPI
1090,33530,세종공업,KOSPI
1091,258830,세종메디칼,KOSDAQ
1092,36630,세종텔레콤,KOSDAQ
1093,39310,세중,KOSDAQ
1094,75580,세진중공업,KOSPI
1095,67770,세진티에스,KOSDAQ
1096,53450,세코닉스,KOSDAQ
1097,234340,세틀뱅크,KOSDAQ
1098,27970,세하,KOSPI
1099,252500,세화피앤씨,KOSDAQ
1100,347000,센코,KOSDAQ
1101,308170,센트랄모텍,KOSPI
1102,12600,센트럴인사이트,KOSPI
1103,331920,셀레믹스,KOSDAQ
1104,49180,셀루메드,KOSDAQ
1105,299660,셀리드,KOSDAQ
1106,268600,셀리버리,KOSDAQ
1107,108860,셀바스AI,KOSDAQ
1108,208370,셀바스헬스케어,KOSDAQ
1109,258250,셀젠텍,KONEX
1110,68270,셀트리온,KOSPI
1111,68760,셀트리온제약,KOSDAQ
1112,91990,셀트리온헬스케어,KOSDAQ
1113,290690,소룩스,KOSDAQ
1114,53110,소리바다,KOSDAQ
1115,950200,소마젠,KOSDAQ
1116,32680,소프트센,KOSDAQ
1117,32685,소프트센우,KOSDAQ
1118,258790,소프트캠프,KOSDAQ
1119,66910,손오공,KOSDAQ
1120,43100,솔고바이오,KOSDAQ
1121,336370,솔루스첨단소재,KOSPI
1122,33637K,솔루스첨단소재1우,KOSPI
1123,33637L,솔루스첨단소재2우B,KOSPI
1124,154040,솔루에타,KOSDAQ
1125,248070,솔루엠,KOSPI
1126,35610,솔본,KOSDAQ
1127,357780,솔브레인,KOSDAQ
1128,36830,솔브레인홀딩스,KOSDAQ
1129,304100,솔트룩스,KOSDAQ
1130,4430,송원산업,KOSPI
1131,86980,쇼박스,KOSDAQ
1132,50960,수산아이앤티,KOSDAQ
1133,17550,수산중공업,KOSPI
1134,84180,수성이노베이션,KOSDAQ
1135,253840,수젠텍,KOSDAQ
1136,185190,수프로,KONEX
1137,58530,슈펙스비앤피,KOSDAQ
1138,236200,슈프리마,KOSDAQ
1139,317770,슈프리마아이디,KOSDAQ
1140,94840,슈프리마에이치큐,KOSDAQ
1141,192440,슈피겐코리아,KOSDAQ
1142,99440,스맥,KOSDAQ
1143,53210,스카이라이프,KOSPI
1144,33790,스카이문스테크놀로지,KOSDAQ
1145,131100,스카이이앤엠,KOSDAQ
1146,159910,스킨앤스킨,KOSDAQ
1147,115570,스타플렉스,KOSDAQ
1148,258540,스템랩,KONEX
1149,253450,스튜디오드래곤,KOSDAQ
1150,204630,스튜디오산타클로스,KOSDAQ
1151,13810,스페코,KOSDAQ
1152,39670,스포츠서울,KOSDAQ
1153,49830,승일,KOSDAQ
1154,20710,시공테크,KOSDAQ
1155,33170,시그네틱스,KOSDAQ
1156,260870,시그넷이브이,KONEX
1157,48870,시너지이노베이션,KOSDAQ
1158,25320,시노펙스,KOSDAQ
1159,134790,시디즈,KOSPI
1160,269620,시스웍,KOSDAQ
1161,131090,시큐브,KOSDAQ
1162,232830,시큐센,KONEX
1163,139050,시티랩스,KOSDAQ
1164,16590,신대양제지,KOSPI
1165,290520,신도기연,KOSDAQ
1166,29530,신도리코,KOSPI
1167,4970,신라교역,KOSPI
1168,1000,신라섬유,KOSDAQ
1169,25870,신라에스지,KOSDAQ
1170,215600,신라젠,KOSDAQ
1171,65350,신성델타테크,KOSDAQ
1172,11930,신성이엔지,KOSPI
1173,5390,신성통상,KOSPI
1174,4170,신세계,KOSPI
1175,35510,신세계 I&C,KOSPI
1176,34300,신세계건설,KOSPI
1177,31430,신세계인터내셔날,KOSPI
1178,31440,신세계푸드,KOSPI
1179,6880,신송홀딩스,KOSPI
1180,2800,신신제약,KOSDAQ
1181,323280,신영스팩5호,KOSDAQ
1182,344050,신영스팩6호,KOSDAQ
1183,5800,신영와코루,KOSPI
1184,1720,신영증권,KOSPI
1185,1725,신영증권우,KOSPI
1186,9270,신원,KOSPI
1187,9275,신원우,KOSPI
1188,17000,신원종합개발,KOSDAQ
1189,2700,신일전자,KOSPI
1190,12790,신일제약,KOSDAQ
1191,138070,신진에스엠,KOSDAQ
1192,226330,신테카바이오,KOSDAQ
1193,19170,신풍제약,KOSPI
1194,19175,신풍제약우,KOSPI
1195,2870,신풍제지,KOSPI
1196,293940,신한알파리츠,KOSPI
1197,333050,신한제6호스팩,KOSDAQ
1198,366330,신한제7호스팩,KOSDAQ
1199,393360,신한제8호스팩,KOSDAQ
1200,55550,신한지주,KOSPI
1201,56700,신화인터텍,KOSDAQ
1202,187270,신화콘텍,KOSDAQ
1203,4080,신흥,KOSPI
1204,243840,신흥에스이씨,KOSDAQ
1205,257720,실리콘투,KOSDAQ
1206,222800,심텍,KOSDAQ
1207,36710,심텍홀딩스,KOSDAQ
1208,160980,싸이맥스,KOSDAQ
1209,356890,싸이버원,KOSDAQ
1210,217330,싸이토젠,KOSDAQ
1211,102280,쌍방울,KOSPI
1212,3410,쌍용C&E,KOSPI
1213,10280,쌍용정보통신,KOSDAQ
1214,3620,쌍용차,KOSPI
1215,4770,써니전자,KOSPI
1216,217320,썬테크,KONEX
1217,208640,썸에이지,KOSDAQ
1218,222420,쎄노텍,KOSDAQ
1219,37760,쎄니트,KOSDAQ
1220,136510,쎄미시스코,KOSDAQ
1221,99320,쎄트렉아이,KOSDAQ
1222,15540,쎌마테라퓨틱스,KOSPI
1223,49960,쎌바이오텍,KOSDAQ
1224,50890,쏠리드,KOSDAQ
1225,66790,씨씨에스,KOSDAQ
1226,222080,씨아이에스,KOSDAQ
1227,4920,씨아이테크,KOSPI
1228,236030,씨알푸드,KONEX
1229,103660,씨앗,KONEX
1230,352480,씨앤씨인터내셔널,KOSDAQ
1231,245450,씨앤에스링크,KONEX
1232,264660,씨앤지하이테크,KOSDAQ
1233,352700,씨앤투스성진,KOSDAQ
1234,297090,씨에스베어링,KOSDAQ
1235,112610,씨에스윈드,KOSPI
1236,286000,씨엔티드림,KONEX
1237,115530,씨엔플러스,KOSDAQ
1238,225330,씨엠에스에듀,KOSDAQ
1239,115480,씨유메디칼,KOSDAQ
1240,376290,씨유테크,KOSDAQ
1241,189330,씨이랩,KOSDAQ
1242,96530,씨젠,KOSDAQ
1243,900120,씨케이에이치,KOSDAQ
1244,101240,씨큐브,KOSDAQ
1245,60590,씨티씨바이오,KOSDAQ
1246,260930,씨티케이,KOSDAQ
1247,13990,아가방컴퍼니,KOSDAQ
1248,123860,아나패스,KOSDAQ
1249,25980,아난티,KOSDAQ
1250,8700,아남전자,KOSPI
1251,50320,아래스,KOSDAQ
1252,58220,아리온,KOSDAQ
1253,125210,아모그린텍,KOSDAQ
1254,2790,아모레G,KOSPI
1255,00279K,아모레G3우(전환),KOSPI
1256,2795,아모레G우,KOSPI
1257,90430,아모레퍼시픽,KOSPI
1258,90435,아모레퍼시픽우,KOSPI
1259,357580,아모센스,KOSDAQ
1260,52710,아모텍,KOSDAQ
1261,74430,아미노로직스,KOSDAQ
1262,92040,아미코젠,KOSDAQ
1263,83930,아바코,KOSDAQ
1264,149950,아바텍,KOSDAQ
1265,36010,아비코전자,KOSDAQ
1266,2030,아세아,KOSPI
1267,183190,아세아시멘트,KOSPI
1268,2310,아세아제지,KOSPI
1269,50860,아세아텍,KOSDAQ
1270,12170,아센디오,KOSPI
1271,246720,아스타,KOSDAQ
1272,67390,아스트,KOSDAQ
1273,159010,아스플로,KOSDAQ
1274,127710,아시아경제,KOSDAQ
1275,267850,아시아나IDT,KOSPI
1276,20560,아시아나항공,KOSPI
1277,154030,아시아종묘,KOSDAQ
1278,227610,아우딘퓨쳐스,KOSDAQ
1279,143160,아이디스,KOSDAQ
1280,54800,아이디스홀딩스,KOSDAQ
1281,332370,아이디피,KOSDAQ
1282,122900,아이마켓코리아,KOSPI
1283,339950,아이비김영,KOSDAQ
1284,99190,아이센스,KOSDAQ
1285,289010,아이스크림에듀,KOSDAQ
1286,214430,아이쓰리시스템,KOSDAQ
1287,40910,아이씨디,KOSDAQ
1288,68940,아이씨케이,KOSDAQ
1289,52860,아이앤씨,KOSDAQ
1290,10780,아이에스동서,KOSPI
1291,69920,아이에스이커머스,KOSDAQ
1292,38880,아이에이,KOSDAQ
1293,307180,아이엘사이언스,KOSDAQ
1294,101390,아이엠,KOSDAQ
1295,78860,아이오케이,KOSDAQ
1296,114810,아이원스,KOSDAQ
1297,31310,아이즈비전,KOSDAQ
1298,185490,아이진,KOSDAQ
1299,59100,아이컴포넌트,KOSDAQ
1300,149010,아이케이세미콘,KONEX
1301,262840,아이퀘스트,KOSDAQ
1302,175250,아이큐어,KOSDAQ
1303,52460,아이크래프트,KOSDAQ
1304,119830,아이텍,KOSDAQ
1305,52770,아이톡시,KOSDAQ
1306,124500,아이티센,KOSDAQ
1307,84850,아이티엠반도체,KOSDAQ
1308,223220,아이피몬스터,KONEX
1309,27360,아주IB투자,KOSDAQ
1310,139990,아주스틸,KOSPI
1311,32080,아즈텍WB,KOSDAQ
1312,13310,아진산업,KOSDAQ
1313,59120,아진엑스텍,KOSDAQ
1314,158430,아톤,KOSDAQ
1315,149300,아퓨어스,KONEX
1316,67160,아프리카TV,KOSDAQ
1317,1540,안국약품,KOSDAQ
1318,53800,안랩,KOSDAQ
1319,251280,안지오랩,KONEX
1320,65660,안트로젠,KOSDAQ
1321,297570,알로이스,KOSDAQ
1322,1780,알루코,KOSPI
1323,260660,알리코제약,KOSDAQ
1324,131370,알서포트,KOSDAQ
1325,140670,알에스오토메이션,KOSDAQ
1326,96610,알에프세미,KOSDAQ
1327,61040,알에프텍,KOSDAQ
1328,148250,알엔투테크놀로지,KOSDAQ
1329,347860,알체라,KOSDAQ
1330,196170,알테오젠,KOSDAQ
1331,123750,알톤스포츠,KOSDAQ
1332,85810,알티캐스트,KOSDAQ
1333,117670,알파홀딩스,KOSDAQ
1334,291650,압타머사이언스,KOSDAQ
1335,293780,압타바이오,KOSDAQ
1336,267810,앙츠,KONEX
1337,18250,애경산업,KOSPI
1338,161000,애경유화,KOSPI
1339,196300,애니젠,KOSDAQ
1340,310200,애니플러스,KOSDAQ
1341,179530,애드바이오텍,KONEX
1342,900100,애머릿지,KOSDAQ
1343,205500,액션스퀘어,KOSDAQ
1344,52790,액토즈소프트,KOSDAQ
1345,290740,액트로,KOSDAQ
1346,238090,앤디포스,KOSDAQ
1347,92600,앤씨앤,KOSDAQ
1348,129890,앱코,KOSDAQ
1349,174900,앱클론,KOSDAQ
1350,255440,야스,KOSDAQ
1351,60230,얍엑스,KOSDAQ
1352,30960,양지사,KOSDAQ
1353,102120,어보브반도체,KOSDAQ
1354,238120,얼라인드,KOSDAQ
1355,224810,엄지하우스,KONEX
1356,19990,에너토크,KOSDAQ
1357,11090,에넥스,KOSPI
1358,270660,에브리봇,KOSDAQ
1359,38680,에스넷,KOSDAQ
1360,137310,에스디바이오센서,KOSPI
1361,217480,에스디생명공학,KOSDAQ
1362,121890,에스디시스템,KOSDAQ
1363,97780,에스맥,KOSDAQ
1364,42110,에스씨디,KOSDAQ
1365,298060,에스씨엠생명과학,KOSDAQ
1366,65420,에스아이리소스,KOSDAQ
1367,270210,에스알바이오텍,KONEX
1368,103230,에스앤더블류,KOSDAQ
1369,260970,에스앤디,KOSDAQ
1370,101490,에스앤에스텍,KOSDAQ
1371,95910,에스에너지,KOSDAQ
1372,275630,에스에스알,KOSDAQ
1373,31330,에스에이엠티,KOSDAQ
1374,60540,에스에이티,KOSDAQ
1375,158300,에스에이티이엔지,KONEX
1376,56190,에스에프에이,KOSDAQ
1377,80000,에스엔유,KOSDAQ
1378,86460,에스엔피제네틱스,KONEX
1379,5850,에스엘,KOSPI
1380,214310,에스엘바이오닉스,KOSDAQ
1381,246250,에스엘에스바이오,KONEX
1382,41510,에스엠,KOSDAQ
1383,299670,에스엠비나,KONEX
1384,7820,에스엠코어,KOSDAQ
1385,109610,에스와이,KOSDAQ
1386,12750,에스원,KOSPI
1387,306040,에스제이그룹,KOSDAQ
1388,217910,에스제이켐,KONEX
1389,224020,에스케이씨에스,KONEX
1390,96630,에스코넥,KOSDAQ
1391,69510,에스텍,KOSDAQ
1392,41910,에스텍파마,KOSDAQ
1393,234300,에스트래픽,KOSDAQ
1394,39440,에스티아이,KOSDAQ
1395,98660,에스티오,KOSDAQ
1396,52020,에스티큐브,KOSDAQ
1397,237690,에스티팜,KOSDAQ
1398,50760,에스폴리텍,KOSDAQ
1399,288620,에스퓨얼셀,KOSDAQ
1400,317830,에스피시스템스,KOSDAQ
1401,58610,에스피지,KOSDAQ
1402,43340,에쎈테크,KOSDAQ
1403,23960,에쓰씨엔지니어링,KOSPI
1404,298690,에어부산,KOSPI
1405,187660,에이디엠코리아,KOSDAQ
1406,54630,에이디칩스,KOSDAQ
1407,200710,에이디테크놀로지,KOSDAQ
1408,96690,에이루트,KOSDAQ
1409,140910,에이리츠,KOSPI
1410,78520,에이블씨엔씨,KOSPI
1411,298380,에이비엘바이오,KOSDAQ
1412,203400,에이비온,KOSDAQ
1413,195990,에이비프로바이오,KOSDAQ
1414,3800,에이스침대,KOSDAQ
1415,322190,에이스캠퍼,KONEX
1416,88800,에이스테크,KOSDAQ
1417,241840,에이스토리,KOSDAQ
1418,312610,에이에프더블류,KOSDAQ
1419,15260,에이엔피,KOSPI
1420,234070,에이원알폼,KONEX
1421,72990,에이치시티,KOSDAQ
1422,227100,에이치앤비디자인,KOSDAQ
1423,44990,에이치엔에스하이텍,KONEX
1424,176440,에이치엔티,KOSDAQ
1425,28300,에이치엘비,KOSDAQ
1426,67630,에이치엘비생명과학,KOSDAQ
1427,47920,에이치엘비제약,KOSDAQ
1428,43220,에이치엘비파워,KOSDAQ
1429,239610,에이치엘사이언스,KOSDAQ
1430,353070,에이치엠씨제4호스팩,KOSDAQ
1431,353060,에이치엠씨제5호스팩,KOSDAQ
1432,44780,에이치케이,KOSDAQ
1433,357230,에이치피오,KOSDAQ
1434,71670,에이테크솔루션,KOSDAQ
1435,45660,에이텍,KOSDAQ
1436,224110,에이텍티앤,KOSDAQ
1437,230980,에이트원,KOSDAQ
1438,21080,에이티넘인베스트,KOSDAQ
1439,89530,에이티세미콘,KOSDAQ
1440,200470,에이팩트,KOSDAQ
1441,207490,에이펙스인텍,KONEX
1442,262260,에이프로,KOSDAQ
1443,109960,에이프로젠 H&G,KOSDAQ
1444,7460,에이프로젠 MED,KOSPI
1445,3060,에이프로젠제약,KOSPI
1446,244920,에이플러스에셋,KOSPI
1447,89970,에이피티씨,KOSDAQ
1448,230240,에치에프알,KOSDAQ
1449,64510,에코마이스터,KOSDAQ
1450,230360,에코마케팅,KOSDAQ
1451,38870,에코바이오,KOSDAQ
1452,128540,에코캡,KOSDAQ
1453,86520,에코프로,KOSDAQ
1454,247540,에코프로비엠,KOSDAQ
1455,383310,에코프로에이치엔,KOSDAQ
1456,38110,에코플라스틱,KOSDAQ
1457,73540,에프알텍,KOSDAQ
1458,64850,에프앤가이드,KOSDAQ
1459,64090,에프앤리퍼블릭,KOSDAQ
1460,36810,에프에스티,KOSDAQ
1461,173940,에프엔씨엔터,KOSDAQ
1462,83500,에프엔에스테크,KOSDAQ
1463,54940,엑사이엔씨,KOSDAQ
1464,950130,엑세스바이오,KOSDAQ
1465,205100,엑셈,KOSDAQ
1466,70300,엑스큐어,KOSDAQ
1467,92870,엑시콘,KOSDAQ
1468,317870,엔바이오니아,KOSDAQ
1469,67570,엔브이에이치코리아,KOSDAQ
1470,236810,엔비티,KOSDAQ
1471,140610,엔솔바이오사이언스,KONEX
1472,333620,엔시스,KOSDAQ
1473,101400,엔시트론,KOSDAQ
1474,36570,엔씨소프트,KOSPI
1475,217820,엔에스,KOSDAQ
1476,138250,엔에스쇼핑,KOSPI
1477,31860,엔에스엔,KOSDAQ
1478,238170,엔에스엠,KONEX
1479,224760,엔에스컴퍼니,KONEX
1480,359090,엔에이치스팩17호,KOSDAQ
1481,365590,엔에이치스팩18호,KOSDAQ
1482,380440,엔에이치스팩19호,KOSPI
1483,391060,엔에이치스팩20호,KOSDAQ
1484,391710,엔에이치스팩21호,KOSDAQ
1485,265740,엔에프씨,KOSDAQ
1486,354200,엔젠바이오,KOSDAQ
1487,93510,엔지브이아이,KONEX
1488,208860,엔지스테크널러지,KOSDAQ
1489,183490,엔지켐생명과학,KOSDAQ
1490,85310,엔케이,KOSPI
1491,182400,엔케이맥스,KOSDAQ
1492,9810,엔케이물산,KOSPI
1493,69410,엔텔스,KOSDAQ
1494,227950,엔투텍,KOSDAQ
1495,291230,엔피,KOSDAQ
1496,198080,엔피디,KOSDAQ
1497,48830,엔피케이,KOSDAQ
1498,96870,엘디티,KOSDAQ
1499,276240,엘리비젼,KONEX
1500,900140,엘브이엠씨홀딩스,KOSPI
1501,376190,엘비루셈,KOSDAQ
1502,61970,엘비세미콘,KOSDAQ
1503,138690,엘아이에스,KOSDAQ
1504,290650,엘앤씨바이오,KOSDAQ
1505,66970,엘앤에프,KOSDAQ
1506,156100,엘앤케이바이오,KOSDAQ
1507,311060,엘에이티,KONEX
1508,73110,엘엠에스,KOSDAQ
1509,83310,엘오티베큠,KOSDAQ
1510,37950,엘컴텍,KOSDAQ
1511,170920,엘티씨,KOSDAQ
1512,58630,엠게임,KOSDAQ
1513,58970,엠로,KOSDAQ
1514,19590,엠벤처투자,KOSDAQ
1515,169330,엠브레인,KOSDAQ
1516,97520,엠씨넥스,KOSPI
1517,179290,엠아이텍,KOSDAQ
1518,225860,엠앤씨생명과학,KONEX
1519,9780,엠에스씨,KOSDAQ
1520,123040,엠에스오토텍,KOSDAQ
1521,323230,엠에프엠코리아,KOSDAQ
1522,32790,엠젠플러스,KOSDAQ
1523,33160,엠케이전자,KOSDAQ
1524,347890,엠투아이,KOSDAQ
1525,33310,엠투엔,KOSDAQ
1526,259630,엠플러스,KOSDAQ
1527,65150,엠피대산,KOSDAQ
1528,115960,연우,KOSDAQ
1529,90740,연이비앤티,KOSDAQ
1530,60850,영림원소프트랩,KOSDAQ
1531,14440,영보화학,KOSPI
1532,7530,영신금속,KOSDAQ
1533,143540,영우디에스피,KOSDAQ
1534,111770,영원무역,KOSPI
1535,9970,영원무역홀딩스,KOSPI
1536,3520,영진약품,KOSPI
1537,670,영풍,KOSPI
1538,36560,영풍정밀,KOSDAQ
1539,6740,영풍제지,KOSPI
1540,12280,영화금속,KOSPI
1541,265560,영화테크,KOSDAQ
1542,12160,영흥,KOSPI
1543,36000,예림당,KOSDAQ
1544,250930,예선테크,KOSDAQ
1545,53280,예스24,KOSDAQ
1546,15360,예스코홀딩스,KOSPI
1547,122640,예스티,KOSDAQ
1548,900300,오가닉티코스메틱,KOSDAQ
1549,45060,오공,KOSDAQ
1550,80520,오디텍,KOSDAQ
1551,7310,오뚜기,KOSPI
1552,39830,오로라,KOSDAQ
1553,322310,오로스테크놀로지,KOSDAQ
1554,46120,오르비텍,KOSDAQ
1555,14940,오리엔탈정공,KOSDAQ
1556,2630,오리엔트바이오,KOSPI
1557,65500,오리엔트정공,KOSDAQ
1558,271560,오리온,KOSPI
1559,1800,오리온홀딩스,KOSPI
1560,10470,오리콤,KOSDAQ
1561,352910,오비고,KOSDAQ
1562,53980,오상자이엘,KOSDAQ
1563,52420,오성첨단소재,KOSDAQ
1564,241790,오션브릿지,KOSDAQ
1565,329020,오션스톤,KONEX
1566,39200,오스코텍,KOSDAQ
1567,226400,오스테오닉,KOSDAQ
1568,31510,오스템,KOSDAQ
1569,48260,오스템임플란트,KOSDAQ
1570,138080,오이솔루션,KOSDAQ
1571,80580,오킨스전자,KOSDAQ
1572,67170,오텍,KOSDAQ
1573,173130,오파스넷,KOSDAQ
1574,49480,오픈베이스,KOSDAQ
1575,309930,오하임아이엔티,KOSDAQ
1576,244460,올리패스,KOSDAQ
1577,226950,올릭스,KOSDAQ
1578,57540,옴니시스템,KOSDAQ
1579,82210,옵트론텍,KOSDAQ
1580,109080,옵티시스,KOSDAQ
1581,153710,옵티팜,KOSDAQ
1582,321820,와이더플래닛,KOSDAQ
1583,122990,와이솔,KOSDAQ
1584,232140,와이아이케이,KOSDAQ
1585,65530,와이어블,KOSDAQ
1586,67900,와이엔텍,KOSDAQ
1587,155650,와이엠씨,KOSDAQ
1588,273640,와이엠텍,KOSDAQ
1589,251370,와이엠티,KOSDAQ
1590,66430,와이오엠,KOSDAQ
1591,193250,와이제이엠게임즈,KOSDAQ
1592,273060,와이즈버즈,KOSDAQ
1593,19210,와이지-원,KOSDAQ
1594,122870,와이지엔터테인먼트,KOSDAQ
1595,11690,와이투솔루션,KOSPI
1596,332570,와이팜,KOSDAQ
1597,79000,와토스코리아,KOSDAQ
1598,70960,용평리조트,KOSPI
1599,316140,우리금융지주,KOSPI
1600,32820,우리기술,KOSDAQ
1601,41190,우리기술투자,KOSDAQ
1602,115440,우리넷,KOSDAQ
1603,118000,우리들휴브레인,KOSPI
1604,46970,우리로,KOSDAQ
1605,82850,우리바이오,KOSDAQ
1606,215360,우리산업,KOSDAQ
1607,72470,우리산업홀딩스,KOSDAQ
1608,73560,우리손에프앤지,KOSDAQ
1609,153490,우리이앤엘,KOSDAQ
1610,37400,우리조명,KOSDAQ
1611,10050,우리종금,KOSPI
1612,101170,우림피티에스,KOSDAQ
1613,6980,우성,KOSPI
1614,66590,우수AMS,KOSDAQ
1615,17370,우신시스템,KOSPI
1616,103840,우양,KOSDAQ
1617,46940,우원개발,KOSDAQ
1618,215380,우정바이오,KOSDAQ
1619,65680,우주일렉트로,KOSDAQ
1620,105840,우진,KOSPI
1621,18620,우진비앤지,KOSDAQ
1622,10400,우진아이엔에스,KOSPI
1623,49800,우진플라임,KOSPI
1624,16880,웅진,KOSPI
1625,95720,웅진씽크빅,KOSPI
1626,5820,원림,KOSPI
1627,307280,원바이오젠,KOSDAQ
1628,53080,원방테크,KOSDAQ
1629,32940,원익,KOSDAQ
1630,240810,원익IPS,KOSDAQ
1631,74600,원익QnC,KOSDAQ
1632,104830,원익머트리얼즈,KOSDAQ
1633,14190,원익큐브,KOSDAQ
1634,131390,원익피앤이,KOSDAQ
1635,30530,원익홀딩스,KOSDAQ
1636,12620,원일특강,KOSDAQ
1637,382840,원준,KOSDAQ
1638,216280,원텍,KONEX
1639,376980,원티드랩,KOSDAQ
1640,122830,원포유,KONEX
1641,8370,원풍,KOSDAQ
1642,8290,원풍물산,KOSDAQ
1643,101160,월덱스,KOSDAQ
1644,95270,웨이브일렉트로,KOSDAQ
1645,10600,웰바이오텍,KOSPI
1646,65950,웰크론,KOSDAQ
1647,76080,웰크론한텍,KOSDAQ
1648,196700,웹스,KOSDAQ
1649,69080,웹젠,KOSDAQ
1650,53580,웹케시,KOSDAQ
1651,71460,위니아딤채,KOSDAQ
1652,44340,위닉스,KOSDAQ
1653,330350,위더스제약,KOSDAQ
1654,348350,위드텍,KOSDAQ
1655,112040,위메이드,KOSDAQ
1656,101730,위메이드맥스,KOSDAQ
1657,65370,위세아이텍,KOSDAQ
1658,140660,위월드,KONEX
1659,38620,위즈코프,KOSDAQ
1660,299900,위지윅스튜디오,KOSDAQ
1661,36090,위지트,KOSDAQ
1662,136540,윈스,KOSDAQ
1663,320000,윈텍,KOSDAQ
1664,97800,윈팩,KOSDAQ
1665,192390,윈하이텍,KOSDAQ
1666,313760,윌링스,KOSDAQ
1667,8600,윌비스,KOSPI
1668,900340,윙입푸드,KOSDAQ
1669,33270,유나이티드제약,KOSPI
1670,14830,유니드,KOSPI
1671,36200,유니셈,KOSDAQ
1672,18000,유니슨,KOSDAQ
1673,910,유니온,KOSPI
1674,47400,유니온머티리얼,KOSPI
1675,203450,유니온커뮤니티,KOSDAQ
1676,11330,유니켐,KOSPI
1677,77500,유니퀘스트,KOSPI
1678,11320,유니크,KOSDAQ
1679,86390,유니테스트,KOSDAQ
1680,241690,유니테크노,KOSDAQ
1681,142210,유니트론텍,KOSDAQ
1682,121060,유니포인트,KONEX
1683,48430,유라테크,KOSDAQ
1684,206650,유바이오로직스,KOSDAQ
1685,89850,유비벨록스,KOSDAQ
1686,84440,유비온,KONEX
1687,32620,유비케어,KOSDAQ
1688,264450,유비쿼스,KOSDAQ
1689,78070,유비쿼스홀딩스,KOSDAQ
1690,2920,유성기업,KOSPI
1691,24800,유성티엔에스,KOSDAQ
1692,700,유수홀딩스,KOSPI
1693,54930,유신,KOSDAQ
1694,69330,유아이디,KOSDAQ
1695,49520,유아이엘,KOSDAQ
1696,313750,유안타제4호스팩,KOSDAQ
1697,336060,유안타제5호스팩,KOSDAQ
1698,367460,유안타제7호스팩,KOSDAQ
1699,367480,유안타제8호스팩,KOSDAQ
1700,3470,유안타증권,KOSPI
1701,3475,유안타증권우,KOSPI
1702,56090,유앤아이,KOSDAQ
1703,263770,유에스티,KOSDAQ
1704,337840,유엑스엔,KONEX
1705,72130,유엔젤,KOSPI
1706,220,유유제약,KOSPI
1707,225,유유제약1우,KOSPI
1708,227,유유제약2우B,KOSPI
1709,340930,유일에너테크,KOSDAQ
1710,23410,유진기업,KOSDAQ
1711,56080,유진로봇,KOSDAQ
1712,373340,유진스팩6호,KOSDAQ
1713,388800,유진스팩7호,KOSDAQ
1714,84370,유진테크,KOSDAQ
1715,1200,유진투자증권,KOSPI
1716,178780,유테크,KOSDAQ
1717,221800,유투바이오,KONEX
1718,179900,유티아이,KOSDAQ
1719,263050,유틸렉스,KOSDAQ
1720,100,유한양행,KOSPI
1721,105,유한양행우,KOSPI
1722,3460,유화증권,KOSPI
1723,3465,유화증권우,KOSPI
1724,191410,육일씨엔에쓰,KOSDAQ
1725,8730,율촌화학,KOSPI
1726,72770,율호,KOSDAQ
1727,8250,이건산업,KOSPI
1728,39020,이건홀딩스,KOSDAQ
1729,25820,이구산업,KOSPI
1730,67920,이글루시큐리티,KOSDAQ
1731,44960,이글벳,KOSDAQ
1732,303530,이노뎁,KOSDAQ
1733,302430,이노메트리,KOSDAQ
1734,279060,이노벡스,KONEX
1735,214320,이노션,KOSPI
1736,73490,이노와이어리스,KOSDAQ
1737,215790,이노인스트루먼트,KOSDAQ
1738,344860,이노진,KONEX
1739,246960,이노테라피,KOSDAQ
1740,88390,이녹스,KOSDAQ
1741,272290,이녹스첨단소재,KOSDAQ
1742,53350,이니텍,KOSDAQ
1743,258610,이더블유케이,KOSDAQ
1744,336040,이도바이오,KONEX
1745,41520,이라이콤,KOSDAQ
1746,264850,이랜시스,KOSDAQ
1747,54210,이랜텍,KOSDAQ
1748,164060,이루다,KOSDAQ
1749,65440,이루온,KOSDAQ
1750,88260,이리츠코크렙,KOSPI
1751,139480,이마트,KOSPI
1752,115610,이미지스,KOSDAQ
1753,349720,이베스트스팩5호,KOSDAQ
1754,323210,이베스트이안스팩1호,KOSDAQ
1755,78020,이베스트투자증권,KOSDAQ
1756,131400,이브이첨단소재,KOSDAQ
1757,208850,이비테크,KONEX
1758,351330,이삭엔지니어링,KOSDAQ
1759,80010,이상네트웍스,KOSDAQ
1760,379390,이성씨엔아이,KONEX
1761,86890,이수앱지스,KOSDAQ
1762,7660,이수페타시스,KOSPI
1763,5950,이수화학,KOSPI
1764,15020,이스타코,KOSPI
1765,47560,이스트소프트,KOSDAQ
1766,900110,이스트아시아홀딩스,KOSDAQ
1767,270020,이십일스토어,KONEX
1768,67010,이씨에스,KOSDAQ
1769,93230,이아이디,KOSPI
1770,341310,이앤에치,KONEX
1771,101360,이엔드디,KOSDAQ
1772,102710,이엔에프테크놀로지,KOSDAQ
1773,66980,이엔코퍼레이션,KOSDAQ
1774,74610,이엔플러스,KOSPI
1775,63760,이엘피,KOSDAQ
1776,123570,이엠넷,KOSDAQ
1777,83470,이엠앤아이,KOSDAQ
1778,95190,이엠코리아,KOSDAQ
1779,91120,이엠텍,KOSDAQ
1780,232530,이엠티,KONEX
1781,102460,이연제약,KOSPI
1782,39030,이오테크닉스,KOSDAQ
1783,294090,이오플로우,KOSDAQ
1784,88290,이원컴포텍,KOSDAQ
1785,84680,이월드,KOSPI
1786,181340,이즈미디어,KOSDAQ
1787,353810,이지바이오,KOSDAQ
1788,350520,이지스레지던스리츠,KOSPI
1789,334890,이지스밸류리츠,KOSPI
1790,99750,이지케어텍,KOSDAQ
1791,35810,이지홀딩스,KOSDAQ
1792,160600,이큐셀,KOSDAQ
1793,92130,이크레더블,KOSDAQ
1794,96040,이트론,KOSDAQ
1795,134060,이퓨쳐,KOSDAQ
1796,1840,이화공영,KOSDAQ
1797,760,이화산업,KOSPI
1798,24810,이화전기,KOSDAQ
1799,14990,인디에프,KOSPI
1800,41830,인바디,KOSDAQ
1801,352940,인바이오,KOSDAQ
1802,101140,인바이오젠,KOSPI
1803,216400,인바이츠바이오코아,KONEX
1804,79950,인베니아,KOSDAQ
1805,277410,인산가,KOSDAQ
1806,60150,인선이엔티,KOSDAQ
1807,33230,인성정보,KOSDAQ
1808,6490,인스코비,KOSPI
1809,37330,인지디스플레,KOSDAQ
1810,23800,인지컨트롤스,KOSPI
1811,34590,인천도시가스,KOSPI
1812,211050,인카금융서비스,KONEX
1813,83640,인콘,KOSDAQ
1814,216050,인크로스,KOSDAQ
1815,49070,인탑스,KOSDAQ
1816,119610,인터로조,KOSDAQ
1817,17250,인터엠,KOSDAQ
1818,129260,인터지스,KOSPI
1819,240340,인터코스,KONEX
1820,35080,인터파크,KOSDAQ
1821,51370,인터플렉스,KOSDAQ
1822,64290,인텍플러스,KOSDAQ
1823,189300,인텔리안테크,KOSDAQ
1824,150840,인트로메딕,KOSDAQ
1825,48530,인트론바이오,KOSDAQ
1826,23810,인팩,KOSPI
1827,175140,인포마크,KOSDAQ
1828,115310,인포바인,KOSDAQ
1829,39290,인포뱅크,KOSDAQ
1830,71200,인피니트헬스케어,KOSDAQ
1831,16670,인피니티엔티,KOSDAQ
1832,101930,인화정공,KOSDAQ
1833,249420,일동제약,KOSPI
1834,230,일동홀딩스,KOSPI
1835,13360,일성건설,KOSPI
1836,3120,일성신약,KOSPI
1837,333430,일승,KOSDAQ
1838,68330,일신바이오,KOSDAQ
1839,3200,일신방직,KOSPI
1840,7110,일신석재,KOSPI
1841,58450,일야,KOSDAQ
1842,7570,일양약품,KOSPI
1843,7575,일양약품우,KOSPI
1844,8500,일정실업,KOSPI
1845,19540,일지테크,KOSDAQ
1846,81000,일진다이아,KOSPI
1847,20760,일진디스플,KOSPI
1848,20150,일진머티리얼즈,KOSPI
1849,103590,일진전기,KOSPI
1850,94820,일진파워,KOSDAQ
1851,271940,일진하이솔루스,KOSPI
1852,15860,일진홀딩스,KOSPI
1853,226320,잇츠한불,KOSPI
1854,950140,잉글우드랩,KOSDAQ
1855,49550,잉크테크,KOSDAQ
1856,254120,자비스,KOSDAQ
1857,221610,자안바이오,KOSDAQ
1858,43910,자연과환경,KOSDAQ
1859,234920,자이글,KOSDAQ
1860,289220,자이언트스텝,KOSDAQ
1861,317400,자이에스앤디,KOSPI
1862,33240,자화전자,KOSPI
1863,174880,장원테크,KOSDAQ
1864,49630,재영솔루텍,KOSDAQ
1865,950,전방,KOSPI
1866,110020,전진바이오팜,KOSDAQ
1867,208140,정다운,KOSDAQ
1868,22220,정산애강,KOSDAQ
1869,40420,정상제이엘에스,KOSDAQ
1870,45510,정원엔시스,KOSDAQ
1871,217190,제너셈,KOSDAQ
1872,95700,제넥신,KOSDAQ
1873,72520,제넨바이오,KOSDAQ
1874,122310,제노레이,KOSDAQ
1875,361390,제노코,KOSDAQ
1876,66830,제노텍,KONEX
1877,187420,제노포커스,KOSDAQ
1878,225220,제놀루션,KOSDAQ
1879,123330,제닉,KOSDAQ
1880,159580,제로투세븐,KOSDAQ
1881,147830,제룡산업,KOSDAQ
1882,33100,제룡전기,KOSDAQ
1883,79370,제우스,KOSDAQ
1884,54950,제이브이엠,KOSDAQ
1885,90470,제이스텍,KOSDAQ
1886,287410,제이시스메디칼,KOSDAQ
1887,137950,제이씨케미칼,KOSDAQ
1888,33320,제이씨현시스템,KOSDAQ
1889,348950,제이알글로벌리츠,KOSPI
1890,204270,제이앤티씨,KOSDAQ
1891,194370,제이에스코퍼레이션,KOSPI
1892,26040,제이에스티나,KOSDAQ
1893,126880,제이엔케이히터,KOSDAQ
1894,322510,제이엘케이,KOSDAQ
1895,33050,제이엠아이,KOSDAQ
1896,94970,제이엠티,KOSDAQ
1897,58420,제이웨이,KOSDAQ
1898,25620,제이준코스메틱,KOSPI
1899,36420,제이콘텐트리,KOSPI
1900,89790,제이티,KOSDAQ
1901,30000,제일기획,KOSPI
1902,52670,제일바이오,KOSDAQ
1903,271980,제일약품,KOSPI
1904,1560,제일연마,KOSPI
1905,199820,제일전기공업,KOSDAQ
1906,23440,제일제강,KOSDAQ
1907,38010,제일테크노스,KOSDAQ
1908,2620,제일파마홀딩스,KOSPI
1909,276730,제주맥주,KOSDAQ
1910,80220,제주반도체,KOSDAQ
1911,6220,제주은행,KOSPI
1912,89590,제주항공,KOSPI
1913,216080,제테마,KOSDAQ
1914,229000,젠큐릭스,KOSDAQ
1915,248020,젬,KONEX
1916,82270,젬백스,KOSDAQ
1917,64800,젬백스링크,KOSDAQ
1918,41590,젬백스지오,KOSDAQ
1919,44060,조광ILI,KOSDAQ
1920,4910,조광페인트,KOSPI
1921,4700,조광피혁,KOSPI
1922,1550,조비,KOSPI
1923,480,조선내화,KOSPI
1924,120030,조선선재,KOSPI
1925,34940,조아제약,KOSDAQ
1926,67000,조이시티,KOSDAQ
1927,18470,조일알미늄,KOSPI
1928,2600,조흥,KOSPI
1929,185750,종근당,KOSPI
1930,63160,종근당바이오,KOSPI
1931,1630,종근당홀딩스,KOSPI
1932,33340,좋은사람들,KOSDAQ
1933,36930,주성엔지니어링,KOSDAQ
1934,44380,주연테크,KOSPI
1935,239340,줌인터넷,KOSDAQ
1936,51980,중앙디앤엠,KOSDAQ
1937,72020,중앙백신,KOSDAQ
1938,440,중앙에너비스,KOSDAQ
1939,78650,지나인제약,KOSDAQ
1940,228760,지노믹트리,KOSDAQ
1941,314130,지놈앤컴퍼니,KOSDAQ
1942,13890,지누스,KOSPI
1943,43610,지니뮤직,KOSDAQ
1944,263860,지니언스,KOSDAQ
1945,303030,지니틱스,KOSDAQ
1946,36180,지더블유바이텍,KOSDAQ
1947,208350,지란지교시큐리티,KOSDAQ
1948,114570,지스마트글로벌,KOSDAQ
1949,382480,지아이텍,KOSDAQ
1950,299480,지앤이헬스케어,KONEX
1951,51160,지어소프트,KOSDAQ
1952,53050,지에스이,KOSDAQ
1953,119850,지엔씨에너지,KOSDAQ
1954,270520,지엔원에너지,KOSDAQ
1955,65060,지엔코,KOSDAQ
1956,204840,지엘팜텍,KOSDAQ
1957,13870,지엠비코리아,KOSPI
1958,71320,지역난방공사,KOSPI
1959,135160,지오씨,KONEX
1960,10580,지코,KOSPI
1961,35000,지투알,KOSPI
1962,115450,지트리비앤티,KOSDAQ
1963,219750,지티지웰니스,KOSDAQ
1964,88790,진도,KOSPI
1965,18120,진로발효,KOSDAQ
1966,109820,진매트릭스,KOSDAQ
1967,86060,진바이오텍,KOSDAQ
1968,36890,진성티이씨,KOSDAQ
1969,363250,진시스템,KOSDAQ
1970,3780,진양산업,KOSPI
1971,7370,진양제약,KOSDAQ
1972,10640,진양폴리,KOSPI
1973,100250,진양홀딩스,KOSPI
1974,51630,진양화학,KOSPI
1975,272450,진에어,KOSPI
1976,11000,진원생명과학,KOSPI
1977,250030,진코스텍,KONEX
1978,2780,진흥기업,KOSPI
1979,2787,진흥기업2우B,KOSPI
1980,2785,진흥기업우B,KOSPI
1981,233990,질경이,KONEX
1982,85660,차바이오텍,KOSDAQ
1983,261780,차백신연구소,KOSDAQ
1984,9310,참엔지니어링,KOSPI
1985,158310,참존글로벌,KOSDAQ
1986,94850,참좋은여행,KOSDAQ
1987,4650,창해에탄올,KOSDAQ
1988,311690,천랩,KOSDAQ
1989,278280,천보,KOSDAQ
1990,650,천일고속,KOSPI
1991,140290,청광건설,KONEX
1992,96240,청담러닝,KOSDAQ
1993,66360,체리부로,KOSDAQ
1994,33250,체시스,KOSPI
1995,47820,초록뱀미디어,KOSDAQ
1996,52300,초록뱀컴퍼니,KOSDAQ
1997,94360,칩스앤미디어,KOSDAQ
1998,16920,카스,KOSDAQ
1999,284620,카이노스메드,KOSDAQ
2000,35720,카카오,KOSPI
2001,293490,카카오게임즈,KOSDAQ
2002,323410,카카오뱅크,KOSPI
2003,42000,카페24,KOSDAQ
2004,6380,카프로,KOSPI
2005,317530,캐리소프트,KOSDAQ
2006,71850,캐스텍코리아,KOSDAQ
2007,180400,캔서롭,KOSDAQ
2008,50110,캠시스,KOSDAQ
2009,109070,컨버즈,KOSPI
2010,900310,컬러레이,KOSDAQ
2011,78340,컴투스,KOSDAQ
2012,307930,컴퍼니케이,KOSDAQ
2013,263700,케어랩스,KOSDAQ
2014,327970,케어룸의료산업,KONEX
2015,214370,케어젠,KOSDAQ
2016,221980,케이디켐,KOSDAQ
2017,317030,케이비17호스팩,KOSDAQ
2018,1620,케이비아이동국실업,KOSPI
2019,323940,케이비제18호스팩,KOSDAQ
2020,330990,케이비제19호스팩,KOSDAQ
2021,342550,케이비제20호스팩,KOSDAQ
2022,192250,케이사인,KOSDAQ
2023,29460,케이씨,KOSPI
2024,115500,케이씨에스,KOSDAQ
2025,281820,케이씨텍,KOSPI
2026,89150,케이씨티,KOSDAQ
2027,25880,케이씨피드,KOSDAQ
2028,93320,케이아이엔엑스,KOSDAQ
2029,73010,케이에스피,KOSDAQ
2030,105330,케이엔더블유,KOSDAQ
2031,272110,케이엔제이,KOSDAQ
2032,39420,케이엘넷,KOSDAQ
2033,83550,케이엠,KOSDAQ
2034,32500,케이엠더블유,KOSDAQ
2035,225430,케이엠제약,KOSDAQ
2036,381970,케이카,KOSPI
2037,145270,케이탑리츠,KOSPI
2038,36030,케이티알파,KOSDAQ
2039,64820,케이프,KOSDAQ
2040,347140,케이프이에스제4호,KOSDAQ
2041,256940,케이피에스,KOSDAQ
2042,24880,케이피에프,KOSDAQ
2043,42040,케이피엠테크,KOSDAQ
2044,54410,케이피티유,KOSDAQ
2045,274090,켄코아에어로스페이스,KOSDAQ
2046,217600,켐온,KOSDAQ
2047,89010,켐트로닉스,KOSDAQ
2048,220260,켐트로스,KOSDAQ
2049,52400,코나아이,KOSDAQ
2050,46070,코다코,KOSDAQ
2051,47770,코데즈컴바인,KOSDAQ
2052,78940,코드네이처,KOSDAQ
2053,80530,코디,KOSDAQ
2054,224060,코디엠,KOSDAQ
2055,357120,코람코에너지리츠,KOSPI
2056,104540,코렌텍,KOSDAQ
2057,27050,코리아나,KOSDAQ
2058,290510,코리아센터,KOSDAQ
2059,7815,코리아써우,KOSPI
2060,7810,코리아써키트,KOSPI
2061,00781K,코리아써키트2우B,KOSPI
2062,190650,코리아에셋투자증권,KOSDAQ
2063,101670,코리아에스이,KOSDAQ
2064,123410,코리아에프티,KOSDAQ
2065,3690,코리안리,KOSPI
2066,36690,코맥스,KOSDAQ
2067,49430,코메론,KOSDAQ
2068,183300,코미코,KOSDAQ
2069,41960,코미팜,KOSDAQ
2070,89890,코세스,KOSDAQ
2071,9730,코센,KOSDAQ
2072,189350,코셋,KONEX
2073,82660,코스나인,KOSDAQ
2074,192820,코스맥스,KOSPI
2075,44820,코스맥스비티아이,KOSPI
2076,222040,코스맥스엔비티,KOSDAQ
2077,241710,코스메카코리아,KOSDAQ
2078,5070,코스모신소재,KOSPI
2079,5420,코스모화학,KOSPI
2080,69110,코스온,KOSDAQ
2081,71950,코아스,KOSPI
2082,166480,코아스템,KOSDAQ
2083,45970,코아시아,KOSDAQ
2084,196450,코아시아옵틱스,KOSDAQ
2085,29960,코엔텍,KOSDAQ
2086,2020,코오롱,KOSPI
2087,3070,코오롱글로벌,KOSPI
2088,3075,코오롱글로벌우,KOSPI
2089,144620,코오롱머티리얼,KOSPI
2090,102940,코오롱생명과학,KOSDAQ
2091,2025,코오롱우,KOSPI
2092,120110,코오롱인더,KOSPI
2093,120115,코오롱인더우,KOSPI
2094,950160,코오롱티슈진,KOSDAQ
2095,138490,코오롱플라스틱,KOSPI
2096,21240,코웨이,KOSPI
2097,33290,코웰패션,KOSDAQ
2098,56360,코위버,KOSDAQ
2099,282880,코윈테크,KOSDAQ
2100,121850,코이즈,KOSDAQ
2101,15710,코콤,KOSDAQ
2102,52330,코텍,KOSDAQ
2103,322780,코퍼스코리아,KOSDAQ
2104,126600,코프라,KOSDAQ
2105,200130,콜마비앤에이치,KOSDAQ
2106,31820,콤텍시스템,KOSPI
2107,294570,쿠콘,KOSDAQ
2108,192400,쿠쿠홀딩스,KOSPI
2109,284740,쿠쿠홈시스,KOSPI
2110,317690,퀀타매트릭스,KOSDAQ
2111,365270,큐라클,KOSDAQ
2112,60280,큐렉소,KOSDAQ
2113,15590,큐로,KOSPI
2114,40350,큐로컴,KOSDAQ
2115,51780,큐로홀딩스,KOSDAQ
2116,115180,큐리언트,KOSDAQ
2117,182360,큐브엔터,KOSDAQ
2118,66310,큐에스아이,KOSDAQ
2119,136660,큐엠씨,KONEX
2120,16600,큐캐피탈,KOSDAQ
2121,264900,크라운제과,KOSPI
2122,26490K,크라운제과우,KOSPI
2123,5740,크라운해태홀딩스,KOSPI
2124,5745,크라운해태홀딩스우,KOSPI
2125,259960,크래프톤,KOSPI
2126,215570,크로넥스,KONEX
2127,43590,크로바하이텍,KOSDAQ
2128,114120,크루셜텍,KOSDAQ
2129,110790,크리스에프앤씨,KOSDAQ
2130,900250,크리스탈신소재,KOSDAQ
2131,83790,크리스탈지노믹스,KOSDAQ
2132,45520,크린앤사이언스,KOSDAQ
2133,36170,클라우드에어,KOSDAQ
2134,214150,클래시스,KOSDAQ
2135,352770,클리노믹스,KOSDAQ
2136,237880,클리오,KOSDAQ
2137,139670,키네마스터,KOSDAQ
2138,20120,키다리스튜디오,KOSPI
2139,39490,키움증권,KOSPI
2140,54780,키이스트,KOSDAQ
2141,219130,타이거일렉,KOSDAQ
2142,318660,타임기술,KONEX
2143,180060,탑선,KONEX
2144,65130,탑엔지니어링,KOSDAQ
2145,14580,태경비케이,KOSPI
2146,15890,태경산업,KOSPI
2147,6890,태경케미컬,KOSPI
2148,23160,태광,KOSDAQ
2149,3240,태광산업,KOSPI
2150,11280,태림포장,KOSPI
2151,53620,태양,KOSDAQ
2152,4100,태양금속,KOSPI
2153,4105,태양금속우,KOSPI
2154,116100,태양기계,KONEX
2155,9410,태영건설,KOSPI
2156,9415,태영건설우,KOSPI
2157,44490,태웅,KOSDAQ
2158,124560,태웅로직스,KOSDAQ
2159,1420,태원물산,KOSPI
2160,7980,태평양물산,KOSPI
2161,191420,테고사이언스,KOSDAQ
2162,73640,테라사이언스,KOSDAQ
2163,182690,테라셈,KOSDAQ
2164,66700,테라젠이텍스,KOSDAQ
2165,95610,테스,KOSDAQ
2166,131970,테스나,KOSDAQ
2167,55490,테이팩스,KOSPI
2168,308700,테크엔,KONEX
2169,89030,테크윙,KOSDAQ
2170,258050,테크트랜스,KONEX
2171,54450,텔레칩스,KOSDAQ
2172,91440,텔레필드,KOSDAQ
2173,78000,텔코웨어,KOSPI
2174,200230,텔콘RF제약,KOSDAQ
2175,214420,토니모리,KOSPI
2176,393210,토마토시스템,KONEX
2177,215480,토박스코리아,KOSDAQ
2178,51360,토비스,KOSDAQ
2179,45340,토탈소프트,KOSDAQ
2180,108230,톱텍,KOSDAQ
2181,79970,투비소프트,KOSDAQ
2182,199800,툴젠,KONEX
2183,105550,트루윈,KOSDAQ
2184,26150,특수건설,KOSDAQ
2185,322180,티라유텍,KOSDAQ
2186,117730,티로보틱스,KOSDAQ
2187,33830,티비씨,KOSDAQ
2188,57680,티사이언티픽,KOSDAQ
2189,64760,티씨케이,KOSDAQ
2190,246710,티앤알바이오팹,KOSDAQ
2191,340570,티앤엘,KOSDAQ
2192,277880,티에스아이,KOSDAQ
2193,131290,티에스이,KOSDAQ
2194,19180,티에이치엔,KOSPI
2195,356860,티엘비,KOSDAQ
2196,62860,티엘아이,KOSDAQ
2197,363280,티와이홀딩스,KOSPI
2198,36328K,티와이홀딩스우,KOSPI
2199,321550,티움바이오,KOSDAQ
2200,91810,티웨이항공,KOSPI
2201,4870,티웨이홀딩스,KOSPI
2202,104480,티케이케미칼,KOSDAQ
2203,309900,티티씨디펜스,KONEX
2204,81150,티플랙스,KOSDAQ
2205,130740,티피씨글로벌,KOSDAQ
2206,217880,틸론,KONEX
2207,84730,팅크웨어,KOSDAQ
2208,46210,파나진,KOSDAQ
2209,34230,파라다이스,KOSDAQ
2210,33540,파라텍,KOSDAQ
2211,43200,파루,KOSDAQ
2212,214450,파마리서치,KOSDAQ
2213,217950,파마리서치바이오,KONEX
2214,208340,파멥신,KOSDAQ
2215,5690,파미셀,KOSPI
2216,177830,파버나인,KOSDAQ
2217,37070,파세코,KOSDAQ
2218,150900,파수,KOSDAQ
2219,37030,파워넷,KOSDAQ
2220,47310,파워로직스,KOSDAQ
2221,266870,파워풀엑스,KONEX
2222,170790,파이오링크,KOSDAQ
2223,49120,파인디앤씨,KOSDAQ
2224,38950,파인디지털,KOSDAQ
2225,106240,파인테크닉스,KOSDAQ
2226,131760,파인텍,KOSDAQ
2227,65690,파커스,KOSDAQ
2228,140860,파크시스템스,KOSDAQ
2229,91700,파트론,KOSDAQ
2230,202960,판도라티비,KONEX
2231,32800,판타지오,KOSDAQ
2232,318010,팜스빌,KOSDAQ
2233,36580,팜스코,KOSPI
2234,27710,팜스토리,KOSDAQ
2235,4720,팜젠사이언스,KOSPI
2236,225590,패션플랫폼,KOSDAQ
2237,54300,팬스타엔터프라이즈,KOSDAQ
2238,68050,팬엔터테인먼트,KOSDAQ
2239,28670,팬오션,KOSPI
2240,222110,팬젠,KOSDAQ
2241,10820,퍼스텍,KOSPI
2242,16800,퍼시스,KOSPI
2243,263750,펄어비스,KOSDAQ
2244,251970,펌텍코리아,KOSDAQ
2245,1020,페이퍼코리아,KOSPI
2246,327610,펨토바이오메드,KONEX
2247,87010,펩트론,KOSDAQ
2248,90080,평화산업,KOSPI
2249,10770,평화홀딩스,KOSPI
2250,119500,포메탈,KOSDAQ
2251,22100,포스코 ICT,KOSDAQ
2252,58430,포스코강판,KOSPI
2253,9520,포스코엠텍,KOSDAQ
2254,47050,포스코인터내셔널,KOSPI
2255,3670,포스코케미칼,KOSPI
2256,189690,포시에스,KOSDAQ
2257,318020,포인트모바일,KOSDAQ
2258,256630,포인트엔지니어링,KOSDAQ
2259,331380,포커스에이치엔에스,KOSDAQ
2260,141020,포티스,KOSDAQ
2261,41020,폴라리스오피스,KOSDAQ
2262,114630,폴라리스우노,KOSDAQ
2263,123010,폴라리스웍스,KOSDAQ
2264,7630,폴루스바이오팜,KOSPI
2265,290720,푸드나무,KOSDAQ
2266,5670,푸드웰,KOSDAQ
2267,94940,푸른기술,KOSDAQ
2268,7330,푸른저축은행,KOSDAQ
2269,17810,풀무원,KOSPI
2270,93380,풍강,KOSDAQ
2271,23900,풍국주정,KOSDAQ
2272,103140,풍산,KOSPI
2273,5810,풍산홀딩스,KOSPI
2274,220100,퓨쳐켐,KOSDAQ
2275,35200,프럼파스트,KOSDAQ
2276,334970,프레스티지바이오로직스,KOSDAQ
2277,950210,프레스티지바이오파마,KOSPI
2278,203690,프로스테믹스,KOSDAQ
2279,321260,프로이천,KOSDAQ
2280,303360,프로테옴텍,KONEX
2281,53610,프로텍,KOSDAQ
2282,377220,프롬바이오,KOSDAQ
2283,335810,프리시젼바이오,KOSDAQ
2284,53160,프리엠스,KOSDAQ
2285,367000,플래티어,KOSDAQ
2286,75130,플랜티넷,KOSDAQ
2287,222670,플럼라인생명과학,KONEX
2288,237820,플레이디,KOSDAQ
2289,23770,플레이위드,KOSDAQ
2290,300080,플리토,KOSDAQ
2291,150440,피노텍,KONEX
2292,32580,피델릭스,KOSDAQ
2293,51380,피씨디렉트,KOSDAQ
2294,241820,피씨엘,KOSDAQ
2295,237750,피앤씨테크,KOSDAQ
2296,24850,피에스엠씨,KOSDAQ
2297,319660,피에스케이,KOSDAQ
2298,31980,피에스케이홀딩스,KOSDAQ
2299,2230,피에스텍,KOSDAQ
2300,57880,피에이치씨,KOSDAQ
2301,43370,피에이치에이,KOSDAQ
2302,242350,피엔아이컴퍼니,KONEX
2303,239890,피엔에이치테크,KOSDAQ
2304,347740,피엔케이피부임상연구센타,KOSDAQ
2305,137400,피엔티,KOSDAQ
2306,128660,피제이메탈,KOSDAQ
2307,6140,피제이전자,KOSDAQ
2308,304840,피플바이오,KOSDAQ
2309,62970,피피아이,KOSDAQ
2310,87600,픽셀플러스,KOSDAQ
2311,161580,필옵틱스,KOSDAQ
2312,347770,핌스,KOSDAQ
2313,163730,핑거,KOSDAQ
2314,332710,하나금융14호스팩,KOSDAQ
2315,341160,하나금융15호스팩,KOSDAQ
2316,343510,하나금융16호스팩,KOSDAQ
2317,363260,하나금융17호스팩,KOSDAQ
2318,388220,하나금융19호스팩,KOSDAQ
2319,86790,하나금융지주,KOSPI
2320,299030,하나기술,KOSDAQ
2321,67310,하나마이크론,KOSDAQ
2322,372290,하나머스트7호스팩,KOSDAQ
2323,166090,하나머티리얼즈,KOSDAQ
2324,293480,하나제약,KOSPI
2325,39130,하나투어,KOSPI
2326,136480,하림,KOSDAQ
2327,3380,하림지주,KOSDAQ
2328,172580,하이골드12호,KOSPI
2329,153360,하이골드3호,KOSPI
2330,149980,하이로닉,KOSDAQ
2331,13030,하이록코리아,KOSDAQ
2332,352820,하이브,KOSPI
2333,126700,하이비젼시스템,KOSDAQ
2334,106080,하이소닉,KOSDAQ
2335,71090,하이스틸,KOSPI
2336,340120,하이제5호스팩,KOSDAQ
2337,377400,하이제6호스팩,KOSDAQ
2338,221840,하이즈항공,KOSDAQ
2339,106190,하이텍팜,KOSDAQ
2340,19490,하이트론,KOSPI
2341,80,하이트진로,KOSPI
2342,87,하이트진로2우B,KOSPI
2343,140,하이트진로홀딩스,KOSPI
2344,145,하이트진로홀딩스우,KOSPI
2345,66130,하츠,KOSDAQ
2346,368770,한국9호스팩,KOSDAQ
2347,152550,한국ANKOR유전,KOSPI
2348,4590,한국가구,KOSDAQ
2349,36460,한국가스공사,KOSPI
2350,39340,한국경제TV,KOSDAQ
2351,5430,한국공항,KOSPI
2352,71050,한국금융지주,KOSPI
2353,71055,한국금융지주우,KOSPI
2354,34950,한국기업평가,KOSDAQ
2355,10040,한국내화,KOSPI
2356,25540,한국단자,KOSPI
2357,222980,한국맥널티,KOSDAQ
2358,331660,한국미라클피플사,KONEX
2359,318000,한국바이오젠,KOSDAQ
2360,256840,한국비엔씨,KOSDAQ
2361,4090,한국석유,KOSPI
2362,25550,한국선재,KOSDAQ
2363,2200,한국수출포장,KOSPI
2364,2960,한국쉘석유,KOSPI
2365,17890,한국알콜,KOSDAQ
2366,240,한국앤컴퍼니,KOSPI
2367,80720,한국유니온제약,KOSDAQ
2368,123890,한국자산신탁,KOSPI
2369,15760,한국전력,KOSPI
2370,63570,한국전자금융,KOSDAQ
2371,41460,한국전자인증,KOSDAQ
2372,6200,한국전자홀딩스,KOSPI
2373,101680,한국정밀기계,KOSDAQ
2374,39740,한국정보공학,KOSDAQ
2375,53300,한국정보인증,KOSDAQ
2376,25770,한국정보통신,KOSDAQ
2377,310870,한국제8호스팩,KOSDAQ
2378,9540,한국조선해양,KOSPI
2379,23350,한국종합기술,KOSPI
2380,25890,한국주강,KOSPI
2381,970,한국주철관,KOSPI
2382,104700,한국철강,KOSPI
2383,17960,한국카본,KOSPI
2384,23760,한국캐피탈,KOSDAQ
2385,54040,한국컴퓨터,KOSDAQ
2386,50540,한국코퍼레이션,KOSDAQ
2387,161890,한국콜마,KOSPI
2388,24720,한국콜마홀딩스,KOSPI
2389,21650,한국큐빅,KOSDAQ
2390,161390,한국타이어앤테크놀로지,KOSPI
2391,53590,한국테크놀로지,KOSDAQ
2392,34830,한국토지신탁,KOSPI
2393,7280,한국특강,KOSPI
2394,32300,한국파마,KOSDAQ
2395,168490,한국패러랠,KOSPI
2396,37230,한국팩키지,KOSDAQ
2397,10100,한국프랜지,KOSPI
2398,47810,한국항공우주,KOSPI
2399,123690,한국화장품,KOSPI
2400,3350,한국화장품제조,KOSPI
2401,30520,한글과컴퓨터,KOSDAQ
2402,52600,한네트,KOSDAQ
2403,11500,한농화성,KOSPI
2404,2390,한독,KOSPI
2405,256150,한독크린텍,KOSDAQ
2406,14790,한라,KOSPI
2407,92460,한라IMS,KOSDAQ
2408,60980,한라홀딩스,KOSPI
2409,53690,한미글로벌,KOSPI
2410,42700,한미반도체,KOSPI
2411,8930,한미사이언스,KOSPI
2412,128940,한미약품,KOSPI
2413,47080,한빛소프트,KOSDAQ
2414,9240,한샘,KOSPI
2415,20000,한섬,KOSPI
2416,3680,한성기업,KOSPI
2417,105630,한세실업,KOSPI
2418,69640,한세엠케이,KOSPI
2419,16450,한세예스24홀딩스,KOSPI
2420,10420,한솔PNS,KOSPI
2421,9180,한솔로지스틱스,KOSPI
2422,70590,한솔인티큐브,KOSDAQ
2423,213500,한솔제지,KOSPI
2424,14680,한솔케미칼,KOSPI
2425,4710,한솔테크닉스,KOSPI
2426,4150,한솔홀딩스,KOSPI
2427,25750,한솔홈데코,KOSPI
2428,226440,한송네오텍,KOSDAQ
2429,42520,한스바이오메드,KOSDAQ
2430,4960,한신공영,KOSPI
2431,11700,한신기계,KOSPI
2432,78350,한양디지텍,KOSDAQ
2433,45100,한양이엔지,KOSDAQ
2434,1750,한양증권,KOSPI
2435,1755,한양증권우,KOSPI
2436,18880,한온시스템,KOSPI
2437,9420,한올바이오파마,KOSPI
2438,14130,한익스프레스,KOSPI
2439,46110,한일네트웍스,KOSDAQ
2440,24740,한일단조,KOSDAQ
2441,5860,한일사료,KOSDAQ
2442,300720,한일시멘트,KOSPI
2443,123840,한일진공,KOSDAQ
2444,2220,한일철강,KOSPI
2445,6390,한일현대시멘트,KOSPI
2446,3300,한일홀딩스,KOSPI
2447,7770,한일화학,KOSDAQ
2448,51600,한전KPS,KOSPI
2449,52690,한전기술,KOSPI
2450,130660,한전산업,KOSPI
2451,43090,한주케미칼앤홀딩스,KOSDAQ
2452,107640,한중엔시에스,KONEX
2453,2320,한진,KOSPI
2454,97230,한진중공업,KOSPI
2455,3480,한진중공업홀딩스,KOSPI
2456,180640,한진칼,KOSPI
2457,18064K,한진칼우,KOSPI
2458,5110,한창,KOSPI
2459,79170,한창산업,KOSDAQ
2460,9460,한창제지,KOSPI
2461,86960,한컴MDS,KOSDAQ
2462,372910,한컴라이프케어,KOSPI
2463,54920,한컴위드,KOSDAQ
2464,2680,한탑,KOSDAQ
2465,66110,한프,KOSDAQ
2466,880,한화,KOSPI
2467,00088K,한화3우B,KOSPI
2468,88350,한화생명,KOSPI
2469,370,한화손해보험,KOSPI
2470,9830,한화솔루션,KOSPI
2471,9835,한화솔루션우,KOSPI
2472,272210,한화시스템,KOSPI
2473,317320,한화에스비아이스팩,KOSDAQ
2474,12450,한화에어로스페이스,KOSPI
2475,885,한화우,KOSPI
2476,3530,한화투자증권,KOSPI
2477,3535,한화투자증권우,KOSPI
2478,340440,한화플러스제1호스팩,KOSDAQ
2479,386580,한화플러스제2호스팩,KOSDAQ
2480,195870,해성디에스,KOSPI
2481,34810,해성산업,KOSDAQ
2482,76610,해성옵틱스,KOSDAQ
2483,59270,해성티피씨,KOSDAQ
2484,101530,해태제과식품,KOSPI
2485,220180,핸디소프트,KOSDAQ
2486,143210,핸즈코퍼레이션,KOSPI
2487,900270,헝셩그룹,KOSDAQ
2488,84990,헬릭스미스,KOSDAQ
2489,720,현대건설,KOSPI
2490,267270,현대건설기계,KOSPI
2491,725,현대건설우,KOSPI
2492,170030,현대공업,KOSDAQ
2493,5440,현대그린푸드,KOSPI
2494,86280,현대글로비스,KOSPI
2495,42670,현대두산인프라코어,KOSPI
2496,64350,현대로템,KOSPI
2497,79430,현대리바트,KOSPI
2498,12330,현대모비스,KOSPI
2499,319400,현대무벡스,KOSDAQ
2500,10620,현대미포조선,KOSPI
2501,48410,현대바이오,KOSDAQ
2502,52260,현대바이오랜드,KOSDAQ
2503,69960,현대백화점,KOSPI
2504,4560,현대비앤지스틸,KOSPI
2505,4565,현대비앤지스틸우,KOSPI
2506,16790,현대사료,KOSDAQ
2507,4310,현대약품,KOSPI
2508,322000,현대에너지솔루션,KOSPI
2509,41440,현대에버다임,KOSDAQ
2510,39010,현대에이치티,KOSDAQ
2511,17800,현대엘리베이,KOSPI
2512,307950,현대오토에버,KOSPI
2513,11210,현대위아,KOSPI
2514,90850,현대이지웰,KOSDAQ
2515,267260,현대일렉트릭,KOSPI
2516,4020,현대제철,KOSPI
2517,329180,현대중공업,KOSPI
2518,267250,현대중공업지주,KOSPI
2519,5380,현대차,KOSPI
2520,5387,현대차2우B,KOSPI
2521,5389,현대차3우B,KOSPI
2522,5385,현대차우,KOSPI
2523,1500,현대차증권,KOSPI
2524,11760,현대코퍼레이션,KOSPI
2525,227840,현대코퍼레이션홀딩스,KOSPI
2526,126560,현대퓨처넷,KOSPI
2527,1450,현대해상,KOSPI
2528,57050,현대홈쇼핑,KOSPI
2529,92300,현우산업,KOSDAQ
2530,53660,현진소재,KOSDAQ
2531,138360,협진,KOSDAQ
2532,11080,형지I&C,KOSDAQ
2533,93240,형지엘리트,KOSPI
2534,3010,혜인,KOSPI
2535,111110,호전실업,KOSPI
2536,8770,호텔신라,KOSPI
2537,8775,호텔신라우,KOSPI
2538,60560,홈센타홀딩스,KOSDAQ
2539,64240,홈캐스트,KOSDAQ
2540,39610,화성밸브,KOSDAQ
2541,2460,화성산업,KOSPI
2542,378850,화승알앤에이,KOSPI
2543,241590,화승엔터프라이즈,KOSPI
2544,6060,화승인더,KOSPI
2545,13520,화승코퍼레이션,KOSPI
2546,10690,화신,KOSPI
2547,126640,화신정공,KOSDAQ
2548,133820,화인베스틸,KOSPI
2549,61250,화일약품,KOSDAQ
2550,10660,화천기계,KOSPI
2551,850,화천기공,KOSPI
2552,16580,환인제약,KOSPI
2553,32560,황금에스티,KOSPI
2554,4800,효성,KOSPI
2555,94280,효성ITX,KOSPI
2556,97870,효성오앤비,KOSDAQ
2557,298040,효성중공업,KOSPI
2558,298050,효성첨단소재,KOSPI
2559,298020,효성티앤씨,KOSPI
2560,298000,효성화학,KOSPI
2561,93370,후성,KOSPI
2562,50090,휘닉스소재,KOSDAQ
2563,81660,휠라홀딩스,KOSPI
2564,290270,휴네시온,KOSDAQ
2565,5870,휴니드,KOSPI
2566,353190,휴럼,KOSDAQ
2567,90710,휴림로봇,KOSDAQ
2568,205470,휴마시스,KOSDAQ
2569,115160,휴맥스,KOSDAQ
2570,28080,휴맥스홀딩스,KOSDAQ
2571,32860,휴먼엔,KOSDAQ
2572,200670,휴메딕스,KOSDAQ
2573,212310,휴벡셀,KONEX
2574,79980,휴비스,KOSPI
2575,65510,휴비츠,KOSDAQ
2576,215090,휴센텍,KOSDAQ
2577,5010,휴스틸,KOSPI
2578,243070,휴온스,KOSDAQ
2579,84110,휴온스글로벌,KOSDAQ
2580,263920,휴온스블러썸,KOSDAQ
2581,145020,휴젤,KOSDAQ
2582,69260,휴켐스,KOSPI
2583,24060,흥구석유,KOSDAQ
2584,10240,흥국,KOSDAQ
2585,189980,흥국에프엔비,KOSDAQ
2586,540,흥국화재,KOSPI
2587,547,흥국화재2우B,KOSPI
2588,545,흥국화재우,KOSPI
2589,3280,흥아해운,KOSPI
2590,37440,희림,KOSDAQ
2591,238490,힘스,KOSDAQ
