,dart_AdvertisingExpenses,dart_AllowanceForOtherDoubtfulAccounts,dart_AmortisationExpense,dart_BadDebtExpenses,dart_Commissions,dart_CommunicationExpenses,dart_ConferenceExpenses,dart_CostOfSalesFromConstruction,dart_CostOfSalesFromConstructionContracts,dart_CostOfSalesFromRenderingOfServices,dart_CostOfSalesFromRenderingOfServicesCommission,dart_CostOfSalesFromRenderingOfServicesProcession,dart_CostOfSalesFromRenderingOfServicesRental,dart_CostOfSalesFromRenderingOfServicesTransportation,dart_CostOfSalesFromSaleOfGoods,dart_CostOfSalesFromSaleOfGoodsMerchandises,dart_CostOfSalesFromSaleOfGoodsProduct,dart_CostOfSalesFromSaleOfGoodsRealEstate,dart_CostOfSalesFromServices,dart_DepreciationExpense,dart_DividendIncome,dart_DividendIncomeNonOperating,dart_Donations,dart_EmployeeBenefits,dart_EngagementExpenses,dart_EntertainmentExpenses,dart_ExclusiveLineUseExpense,dart_ExportOverallExpense,dart_FreightExpenses,dart_GainOnForeignExchangeTranslations,dart_GainsArisingFromDifferenceBetweenPreviousAmortisedCostAndFairValueOfFinancialAssetsReclassifiedOutOfAmortisedCostIntoFairValueThroughProfitOrLossMeasurementCategory,dart_GainsForeignCurrencyTransactions,dart_GainsFromCommission,dart_GainsFromFinancialGuaranteeFinancialIncome,dart_GainsOnDisposalsOfFairValueFinancialAssetFinancialIncome,dart_GainsOnDisposalsOfIntangibleAssets,dart_GainsOnDisposalsOfInventory,dart_GainsOnDisposalsOfInvestmentProperty,dart_GainsOnDisposalsOfPropertyPlantAndEquipment,dart_GainsOnForeignCurrencyTransactionsFiancialIncome,dart_GainsOnForeignExchangeTranslationsFinancialIncome,dart_GainsOnTransactionOfDerivativeFinancialInstrumentsFinancialIncome,dart_GainsOnValuationOfDerivativeFinancialInstrumentsFinancialIncome,dart_GainsOnValuationOfFairValueFinancialAssetFinancialIncome,dart_GainsOnValuationOfLongTermFinancialInstruments,dart_ImpairmentLossDeterminedInAccordanceWithIFRS9,dart_ImpairmentLossRecoveryOfAccountsReceivables,dart_ImpairmentLossesOnAssociates,dart_InsurancePremiums,dart_InterestExpenseFinanceExpense,dart_InterestIncomeFinanceIncome,dart_LeaseholdAdministrationExpense,dart_LentIncome,dart_LossOnForeignExchangeTranslations,dart_LossesForeignCurrencyTransactions,dart_LossesOfAssociatesAndJointVenturesAccountedForUsingEquityMethod,dart_LossesOnDisposalOfFairValueFinancialAsset,dart_LossesOnDisposalOfIntangibleAssets,dart_LossesOnDisposalsOfFairValueFinancialAssetFinancialExpense,dart_LossesOnDisposalsOfPropertyPlantAndEquipment,dart_LossesOnForeignCurrencyTransactionsFiancialExpense,dart_LossesOnForeignExchangeTranslationsFinancialExpense,dart_LossesOnSaleOfInvestmentsInSubsidiaries,dart_LossesOnTransactionOfDerivativeFinancialInstrumentsFinancialExpense,dart_LossesOnValuationOfDerivativeFinancialInstrumentsFinancialExpense,dart_LossesOnValuationOfFairValueFinancialAssetFinancialExpense,dart_MembershipExpenses,dart_MiscellaneousExpenses,dart_MiscellaneousIncome,dart_MiscellaneousLosses,dart_NetworkContactSettleExpense,dart_OperatingExpenses,dart_OperatingIncomeLoss,dart_OrdinaryDevelopmentExpense,dart_OtherCostOfSales,dart_OtherFinancialExpenses,dart_OtherFinancialIncome,dart_OtherGains,dart_OtherLosses,dart_PackingExpenses,dart_PersonalExpense,dart_ProvisionForSeveranceIndemnities,dart_PublicationExpenses,dart_RentalExpenses,dart_RepairExpenses,dart_RevenueFromConstruction,dart_RevenueFromRenderingOfServicesCommission,dart_RevenueFromRenderingOfServicesProcession,dart_RevenueFromRenderingOfServicesRental,dart_RevenueFromRenderingOfServicesTransportation,dart_RevenueFromSaleOfGoodsMerchandise,dart_RevenueFromSaleOfGoodsProduct,dart_RevenueFromSaleOfGoodsRealEstate,dart_RevenueFromServices,dart_ReversalsOfAllowanceForOtherDoubtfulAccounts,dart_SalariesWages,dart_SamplesExpenses,dart_SupplyExpenses,dart_TaxesDues,dart_TotalSellingGeneralAdministrativeExpenses,dart_TrainingExpenses,dart_TravelExpenses,dart_UtilityExpenses,dart_VehicleMaintenanceExpenses,dart_WarrantyExpenses,entity_BasicEarningsLossPerShare,entity_BasicEarningsLossPerShareFromContinuingOperations,entity_CostOfSales,entity_DilutedEarningsLossPerShare,entity_DilutedEarningsLossPerShareFromContinuingOperations,entity_EarningsPerShareAbstract,entity_FinanceCosts,entity_FinanceIncome,entity_GrossProfit,entity_IncomeStatementAbstract,entity_OperatingExpenses,entity_OperatingIncomeLoss,entity_OtherGains,entity_OtherLosses,entity_ProfitLoss,entity_Revenue,entity_RevenueFromRenderingOfServices,entity_TotalSellingGeneralAdministrativeExpenses,ifrs-full_BasicEarningsLossPerShare,ifrs-full_BasicEarningsLossPerShareFromContinuingOperations,ifrs-full_BasicEarningsLossPerShareFromDiscontinuedOperations,ifrs-full_CostOfSales,ifrs-full_DilutedEarningsLossPerShare,ifrs-full_DilutedEarningsLossPerShareFromContinuingOperations,ifrs-full_DilutedEarningsLossPerShareFromDiscontinuedOperations,ifrs-full_EarningsPerShareAbstract,ifrs-full_EmployeeBenefitsExpense,ifrs-full_FinanceCosts,ifrs-full_FinanceIncome,ifrs-full_GrossProfit,ifrs-full_IncomeTaxExpenseContinuingOperations,ifrs-full_LossesArisingFromDerecognitionOfFinancialAssetsMeasuredAtAmortisedCost,ifrs-full_OtherIncomeExpenseFromSubsidiariesJointlyControlledEntitiesAndAssociates,ifrs-full_OtherRevenue,ifrs-full_ProfitLoss,ifrs-full_ProfitLossBeforeTax,ifrs-full_ProfitLossFromContinuingOperations,ifrs-full_ProfitLossFromDiscontinuedOperations,ifrs-full_Revenue,ifrs-full_RevenueFromConstructionContracts,ifrs-full_RevenueFromDividends,ifrs-full_RevenueFromRenderingOfServices,ifrs-full_RevenueFromRoyalties,ifrs-full_RevenueFromSaleOfGoods
[001040],,,,,,,,,,,,,,,,,,,,,,,,,,,,,,,,,,,,,,,,,,,,,,,,,,,,,,,,,,,,,,,,,,,,,,,,,"46,099,190,000",,,,,"-668,824,000",,,,,,,,,,,,,,,,,,,,,,"22,469,269,000",,,,,,,,,,,,,,,"68,568,459,000",,,,,,,,,"1,535",,,,"1,535",,,,,"2,326,271,000","435,116,000",,"281,254,000",,,,"43,257,957,000","43,539,211,000",,,,,,,,
[000120],,,,,,,,,,,,,,,,,,,,,,,,,,,,,,,,,,,,,,,,,,,,,,,,,,,,,,,,,,,,,,,,,,,,,,,,,"16,326,246,926",,,,,"1,381,782,236","23,093,269,928",,,,,,,,,,,,,,,,,,,,,"88,871,074,578",,,,,,,,,,,,,,,,,,,,,,,,"-1,329",,,"1,459,774,264,388",,,,,,"26,318,643,398","4,890,492,843","105,197,321,504","-4,943,285,015",,,,"-21,870,106,306","-26,813,391,321",,,"1,564,971,585,892",,,,,
[000990],,,,,,,,,,,,,,,,,,,,,,,,,,,,,,,,,,,,,,,,,,,,,,,,,,,,,,,,,,,,,,,,,,,,,,,,,"22,337,066,887",,,,,"2,211,183,971","1,141,982,042",,,,,,,,,,,,,,,,,,,,,"25,445,658,198",,,,,,,,,,,,,,,,,,,,,,,,408,,,"111,796,969,758",408,,,,,"4,575,688,927","2,438,764,111","47,782,725,085","3,537,439,533",,,,"17,731,904,467","21,269,344,000","17,731,904,467",0,"159,579,694,843",,,,,
[155660],,,,,,,,,,,,,,,,,,,,,,,,,,,,,,,,,,,,,,,,,,,,,,,,,,,,,,,,,,,,,,,,,,,,,,,,,"2,755,637,945",,,,,"1,168,786,750","285,667,432",,,,,,,,,,,,,,,,,,,,,"2,886,764,910",,,,,,,,,,,,,,,,,,,,,,,,191,,,"36,809,454,922",,,,,,"161,251,960","376,385,001","5,642,402,855","805,173,941",,,,"3,048,716,363","3,853,890,304",,,"42,451,857,777",,,,,
[078930],,,,,,,,,,,,,,,,,,,,,,,,,,,,,,,,,,,,,,,,,,,,,,,,,,,,,,,,,,,,,,,,,,,,,,,,,"241,206,000,000",,,,,"3,000,000",,,,,,,,,,,,,,,,,,,,,,"9,337,000,000",,,,,,,,,,,,,,,,,,,,,,,,"2,437",,,,"2,487",,,,,"4,960,000,000","152,000,000","250,543,000,000","5,560,000,000",,,,"230,841,000,000","236,401,000,000",,,"250,543,000,000",,,,,
[006360],,,,,,,,"1,887,511,630,400",,,,,,,,,,"102,324,300,281",,,,,,,,,,,,,,,,,,,,,,,,,,,,,,,,,,,,,,,,,,,,,,,,,,,,,,,"171,077,705,943",,"35,013,651,573",,,"62,930,001,502","96,041,388,448",,,,,,,"2,175,773,864,733",,,,,,,"141,619,865,060",,,,,,,"149,725,401,070",,,,,,,,,,,,,,,,,,,,,,,,,,,"2,024,849,582,254",,,,,,"46,980,795,883","66,895,724,184","320,803,107,013","38,330,980,893",,,"28,258,959,474","119,550,266,405","157,881,247,298",,,"2,345,652,689,267",,,,,
[001250],,,,,,,,,,,"7,268,382,438",,,,,"860,392,814,318",,,,,,,,,,,,,,,,,,,,,,,,,,,,,,,,,,,,,,,,,,,,,,,,,,,,,,,,,"12,034,549,994",,,,,"18,800,996,640","18,985,110,495",,,,,,,,"10,745,147,150",,,,"883,303,571,093",,,,,,,,,"14,352,971,493",,,,,,,,,,,,,,,,,,,,,,,,72,,,"867,661,196,756",,,,,,"4,638,537,743","669,445,273","26,387,521,487","1,969,625,838",,0,,"5,911,717,831","7,881,343,669",,,"894,048,718,243",,,,,
[028150],,,,,,,,,,,,,,,,,,,,,,,,,,,,,,,,,,,,,,,,,,,,,,,,,,,,,,,,,,,,,,,,,,,,,,,,,"38,340,769,678",,,,,"107,493,007","126,018,755",,,,,,,,,,,,,,,,,,,,,"165,938,917,913",,,,,,,,,,,,,,,,,,,,,,,,"6,005",,,"71,040,623,961","6,005",,,,,"4,562,741,252","14,730,736,192","204,279,687,591","12,400,084,124",,,,"36,090,154,746","48,490,238,870",,,"275,320,311,552",,,,,
[012630],,,,0,,,,,,,,,,,,,,,,,,,,,,,,,,,,,,,,,,,,,,,,,,,,,,0,"934,543,092",,,,,,,,,,,,,,,,,"1,955,627,288",,,,,"16,011,820,110",,,0,0,"12,555,437,397","3,487,885",,,,,,,,,,,,,,,,,,,,,"1,955,627,288",,,,,,,,,,,,,,,,,,,,,,,,,388,,"3,053,486,401",,,,,,0,"934,543,092","17,967,447,398","7,202,367,374",,,,"22,295,945,340","29,498,312,714",,,"21,020,933,799",,,,,
[089470],,,,,,,,,,,,,,,,"7,011,411,006","163,028,758,921",,,,,,,,,,,,,,,,,,,,,,,,,,,,,,,,,,,,,,,,,,,,,,,,,,,,,,,,"6,103,559,988",,,,,"2,558,425,076","244,097,227",,,,,,,,,,,,"6,509,041,311","178,539,422,795",,,,,,,,"8,869,589,150",,,,,,,,,,,,,,,"1,274,348,985",,,,,,,,,186,,,"170,040,169,927",186,,,,,"1,051,782,110","1,412,047,072","15,008,294,179","1,780,266,564",,,,"5,751,300,850","7,531,567,414",,,"185,048,464,106",,,,,
[294870],,,,,,,,"574,040,046,203","699,184,875,012",,,,,,,,,"125,144,828,809",,,,,,,,,,,,,,,,,,,,,,,,,,,,,,,,,,,,,,,,,,,,,,,,,,,,,,,"100,479,021,651",,"34,754,594,746",,,"5,650,968,693","2,359,489,620",,,,,,,"665,495,841,132",,,,,,,"182,529,495,799",,,,,,,"45,546,906,399",,,,,,,,,,,,,,,"4,524,887,588",,,,,,,,,,"1,929",,"733,939,469,758",,"1,929",,,,"86,890,606","465,742,894","147,257,680,634","-26,861,040,617",,,"33,171,813,461","84,756,760,519","111,617,801,136",,,"881,197,150,392","848,025,336,931",,,,
[082740],,,,,,,,,,,,,,,,,,,,,,,,,,,,,,,,,,,,,,,,,,,,,,,,,,,,,,,,,,,,,,,,,,,,,,,,,"-13,720,089,100",,,,,"44,616,931","59,671,187",,,,,,,,,,,,,,,,,,,,,"6,972,397,115",,,,,,,,,,,,,,,,,,,,,,,,-379,,,"108,278,648,627",-379,,,,,"17,483,121,234","14,841,395,831","-6,747,691,985","-3,897,890,294",,,,"-12,478,978,465","-16,376,868,759","-12,478,978,465",,"101,530,956,642",,,,,
[024120],,,,,,,,,,,,,,,,,,,,,,,,,,,,,,,,,,,,,,,,,,,,,,,,,,,,,,,,,,,,,,,,,,,,,,,,,"2,848,509,280",,,,,"36,210,567","26,908,844",,,,,,,,,,,,,,,,,,,,,"1,399,167,356",,,,,,,,,,,,,,,,,,,,,,,,287,,,"28,934,663,847",,,,,,"202,693,261","1,427,462,006","4,247,676,636","786,043,754",,,,"3,296,535,994","4,082,579,748",,,"33,182,340,483",,,,,
[036030],,,,,,,,,,,,,,,,,,,,,,,,,,,,,,,,,,,,,,,,,,,,,,,,,,,,,,,,,,,,,,,,,,,,,,,,,"70,825,208",,,,,"42,346,498","672,777,150",,,,,,,,,,,,,,,,,,,,,"3,237,109,905",,,,,,,,,,,,,,,,,,,,,,,,-13,,,"69,243,506,723",,,,,,"93,346,435","903,697,113","3,307,935,113","717,378,518",,"9,695,222",,"-456,938,062","260,440,456",,,"72,551,441,836",,,,,
[058860],,,,,,,,,,,,,,,,,,,,,,,,,,,,,,,,,,,,,,,,,,,,,,,,,,,,,,,,,,,,,,,,,,,,,,,,,"5,301,583,948",,,,,"3,359,587,545","702,448,877",,,,,,,,,,,,,,,,,,,,,,,,,,,,,,,,,,,,,,,,,,,,,179,,,"106,912,794,358",179,,,,,"742,808,959","337,775,407",,"1,703,940,018",,"191,492,834",,"6,041,241,880","7,745,181,898",,,"112,214,378,306",,,,,
[060370],,,,,,,,,,,,,,,,,,,,,,,,,,,,,,,,,,,,,,,,,,,,,,,,,,,,,,,,,,,,,,,,,,,,,,,,,"-1,037,106,855",,,,,"13,058,092","300,001",,,,,,,,,,,,,,,,,,,,,"1,587,279,180",,,,,,,,,,,,,,,,,,,,,,,,-44,,,"9,758,574,116",,,,,,"319,714,677","184,402,389","550,172,325","-251,880,034",,,,"-907,781,018","-1,159,661,052",,,"10,308,746,441",,,,,
[003550],,,,,,,,,,,,,,,,,,,,"5,168,000,000",,,,,,,,,,,,,,,,,,,,,,,,,,,,,,,,,,,,,,,,,,,,,,,,"31,371,000,000",,,,"48,083,000,000","523,018,000,000",,,,,,,,"11,544,000,000",,,,,,,,"30,304,000,000",,,,,,,,,,,,,,,,,,,,,,"2,900",,,,"5,000,000",,,,,,,,,,,,,,,,,,,,,"23,919,000,000",,,,"501,035,000,000","524,954,000,000",,,"571,101,000,000",,"476,224,000,000",,"64,573,000,000",
[001120],,,,,,,,,,,,,,,,,,,,,,,,,,,,,,,,,,,,,,,,,,,,,,,,,,,,,,,,,,,,,,,,,,,,,,,,,"10,943,107,464",,,,,,,,,,,,,,,,,,,,,,,,,,,"36,089,585,900",,,,,,,,,,,"2,129",,,,"36,600,161",,,,,,,,,,,,"772,414,928,113",,,,,,,,"47,032,693,364","-52,564,620,851",,,,"82,306,377,830","29,741,756,979",,,"819,447,621,477",,,,,
[051900],,,,,,,,,,,,,,,,,,,,,,,,,,,,,,,,,,,,,,,,,,,,,,,,,,,,,,,,,,,,,,,,,,,,,,,,,"230,451,466,800",,,,,"3,855,185,366","9,895,798,289",,,,,,,,,,,,,,,,,,,,,"493,632,899,591",,,,,,,,,,,,,,,,,,,,,,,,"10,491",,,"435,120,947,745","10,503",,,,,"1,717,104,090","14,233,927,274","724,084,366,391","61,115,444,239",,,,"175,812,232,822","236,927,677,061",,,"1,159,205,314,136",,,,,
[032640],,,,,"1,298,037,000,000",,,,,,,,,,,,,,,"491,805,000,000",,,,,,,,,,,,,,,,,,,,,,,,,,,,,,,,,,,,,,,,,,,,,,,,,,,,,"200,806,000,000",,,,,,,,,,,,,,,,,,,,,,,"205,056,000,000",,,,"1,994,898,000,000",,,,,,,,,,,,,,,"2,483,000,000",,,,,,,,,,320,314,"730,861,000,000",,,,,,"29,889,000,000","8,655,000,000","2,195,704,000,000","42,874,000,000","8,050,000,000","10,910,000,000",,"137,075,000,000","182,432,000,000","139,558,000,000",,"2,926,565,000,000",,,,,
[011070],,,,,,,,,,,,,,,,,,,,,,,,,,,,,,,,,,,,,,,,,,,,,,,,,,,,,,,,,,,,,,,,,,,,,,,,,"-32,620,983,522",,,,,"10,440,708,282","30,217,278,203",,,,,,,,,,,,,,,,,,,,,"114,832,683,575",,,,,,,,,,,,,,,,,,,,,,,"71,039,878,113","-1,788",,,"1,224,197,000,451","-1,788",,,,,"14,061,767,888","4,399,408,853","82,211,700,053","-19,755,899,482",,,,"-42,304,012,996","-62,059,912,478",,,"1,306,408,700,504",,,,,
[066570],,,,,,,,,,,,,,,,,,,,,,,,,,,,,,,,,,,,,,,,,,,,,,,,,,,,,,,,,,,,,,,,,,,,,,,,,"269,221,000,000",,,,,"175,484,000,000","220,436,000,000",,,,,,,,,,,,,,,,,,,,,"1,400,346,000,000",,,,,,751,,,,,,,,,,,,,,,,,"133,579,000,000",,,,"5,672,499,000,000",,,,,,"85,988,000,000","33,364,000,000","1,669,567,000,000","38,451,000,000",,,,"133,194,000,000","171,645,000,000",,,"7,342,066,000,000",,,,,
[108670],,,,,,,,,,,,,,,,,,,,,,,,,,,,,,,,,,,,,,,,,,,,,,,,,,,,,,,,,,,,,,,,,,,,,,,,,"5,116,000,000",,,,,"2,655,000,000","3,097,000,000",,,,,,,,,,,,,,,,,,,,,"130,711,000,000",,,,,,,,,,,,,,,,,,,,,,,,,-175,-9,"508,578,000,000",,-163,-9,,,"6,377,000,000","1,368,000,000","135,827,000,000","1,402,000,000",,,,"-1,826,000,000","-335,000,000","-1,737,000,000","-89,000,000","644,405,000,000",,,,,
[037560],,,,,,,,,,,,,,,,,,,,,,,,,,,,,,,,,,,,,,,,,,,,,,,,,,,,,,,,,,,,,,,,,,,,,,,,,"13,121,390,204",,,,,,,,,,,,,,,,,,,,,,,,,,,,,,,,,,,,,,,,,,"-46,162,103",,,,,,,,,99,,,"258,472,021,202",,,,,,"5,761,280,755","876,306,925",,"1,460,059,543",,,,"7,645,516,528","9,105,576,071",,,"274,416,092,483",,,,,
[051910],,,,,,,,,,,,,,,,,,,,,,,,,,,,,,,,,,,,,,,,,,,,,,,,,,,,,,,,,,,,,,,,,,,,,,,,,"223,856,000,000",,,,,"62,299,000,000","40,245,000,000",,,,,,,,,,,,,,,,,,,,,"776,115,000,000",,,,,,,,,,,-66,,,,"-5,148,000,000",,,,,,,,,,,,"4,151,852,000,000",,,,,,"37,427,000,000","50,178,000,000","999,971,000,000","58,699,000,000",,,,"194,814,000,000","258,661,000,000",,,"5,151,823,000,000",,,,,
[104200],,,,,,,,,,,,,,,,,,,,,,,,,,,,,,,,,,,,,,,,,,,,,,,,,,,,,,,,,,,,,,,,,,,,,,,,,"2,159,118,822",,,,,"35,588,838","540,277",,,,,,,,,,,,,,,,,,,,,,,,,,,,,,,,,,,,"23,890,341,184",,,,,,,,,163,,,,163,,,,,"13,671,620","264,236,852",,"235,454,955",,"-60,546,405",,"2,148,731,255","2,384,186,210",,,"26,049,460,006",,,,,
[010060],,,,,,,,,,,,,,,,,,,,,,,,,,,,,,,,,,,,,,,,,,,,,,,,,,,,,,,,,,,,,,,,,,,,,,,,,"-44,799,694,000",,,,,"852,566,000","1,602,105,000",,,,,,,,,,,,,,,,,,,,,"31,740,646,000",,,,,,,,,,,,,,,,,,,,,,,,,,,"465,341,399,000","-1,155",,,,,"18,720,779,000","28,449,358,000","-13,059,048,000","-8,266,589,000",,,,"-27,554,065,000","-35,820,654,000",,,"452,282,351,000",,,,,
[017670],"21,059,000,000",,,,"1,076,508,000,000",,,,,,,,,,,,,,,"625,924,000,000",,,,,,,"52,161,000,000",,,,,,,,,,,,,,,,,,,,,,,,,,,,,,,,,,,,,,,,,,,,"140,360,000,000","2,506,473,000,000","305,735,000,000",,,,,,,,,,,"55,171,000,000",,,,,,,,,,"2,812,208,000,000",,,,,,,,,,,,,,,,,,,,,0,"237,661,000,000",,,,,,,,"8,909",,,,"8,909",,,,"190,062,000,000","65,670,000,000","524,070,000,000",,"117,639,000,000",,,,"643,993,000,000","761,632,000,000",,,"2,812,208,000,000",,,,,
[063440],,,,,,,,,,,,,,,,,,,,,,,,,,,,,,,,,,,,,,,,,,,,,,,,,,,,,,,,,,,,,,,,,,,,,,,,,"6,592,897",,,,,,"510,500",,,,,,,,,,,,,,,,,,,,,"1,140,597,117",,,,,,,,,,,,,,,"-75,901,376",,,,,,,,,1,1,0,"9,389,749,976",1,,,,,"2,129,966","125,059,852","1,147,190,014",0,,"236,096",,"53,347,003","53,347,003","53,347,003",0,"10,536,939,990",,,,,
[005610],,,,,,,,,,,,,,,,,,,,,,,,,,,,,,,,,,,,,,,,,,,,,,,,,,,,,,,,,,,,,,,,,,,,,,,,,"8,071,837,607",,,,,"668,126,758","1,328,741,090",,,,,,,,,,,,,,,,,,,,,"34,819,923,466",,,,,,,,,,,,,,,"-638,032,049",,,,,,,,,571,,,"209,602,076,823",571,,,,,"1,206,345,099","533,967,836","59,911,668,566","1,476,779,055",,,,"4,624,034,908","6,100,813,963",,,"269,513,745,389",,,,,
[009450],,,,,,,,,,,,,,,,,,,,,,,,,,,,,,,,,,,,,,,,,,,,,,,,,,,,,,,,,,,,,,,,,,,,,,,,,"10,031,221,561",,,,,"3,401,105,127","769,669,113",,,,,,,,,,,,,,,,,,,,,"28,532,363,455",,,,,,,,,,,,,,,,,,,,,,,,217,,,"109,807,966,947",217,,,,,"363,341,537","31,802,716","38,563,585,016","9,589,916,049",,,,"2,741,202,705","12,331,118,754",,,"148,371,551,963",,,,,
[000050],"-41,311,344",,,"12,910,179","12,277,824,684","7,504,192","2,661,739",,,,,,,,,,,,,"1,059,411,213","84,425,690",,,"50,365,629",,"32,183,643",,,"49,661,118","1,182,661,291",,"32,733,498",,,"8,576,206",,,,,,,,"524,020,000",,,,,,"7,048,480","1,391,413,982","577,031,168",,,"633,711,415","45,475,026",,,,"42,803,549",,,,,,,,,"4,177,844","501,028,078","56,817,424",,,"12,990,662,215","1,957,233",,"2,522,566,082","938,811,054","1,716,422,867","736,003,865",,,"34,733,272",,,"85,310,046",,,,,,,,,,,"346,186,850",,"5,064,393","433,684,944","14,939,692,551","377,240","33,667,673","533,800,368","2,473,155",,,,,,,,,,,,,,,,,,,,342,341,1,"27,617,974,117",342,,,,,"3,956,783,613","2,132,864,118","27,930,354,766","2,962,466,926",,,,"9,226,854,700","12,147,161,722","9,184,694,796","42,159,904","55,548,328,883",,,,,
[013580],,,,,,,,,,,,,,,,,,,,,,,,,,,,,,,,,,,,,,,,,,,,,,,,,,,,,,,,,,,,,,,,,,,,,,,,,"21,413,177,155",,,,,,,,,,,,,,,,,,,,,,,,,,,"12,075,478,544",,,,,,,,,,,,,,,"672,856,449",,,,,,,,,"2,463",,,"360,891,901,191",,,,,,"3,724,734,033","9,797,323,636","33,488,655,699","6,480,434,220",,,,"21,817,913,644","28,298,347,864",,,"394,380,556,890",,,,,
[004200],,,,,,,,"110,204,276,356",,,,,,,,,,"132,347,900","656,582,613",,,,,,,,,,,,,,,,,,,,,,,,,,,,,,,,,,,,,,,,,,,,,,,,,,,,,,"11,856,234,523",,,,,"961,802,572","1,465,452,862",,,,,,,"129,798,139,240",,,,,,,"303,120,000","623,345,280",,,,,,"7,875,163,128",,,,,,,,,,,,,,,,,,,,,,,,373,,,"110,993,206,869",166,,,,,"3,134,812,999","203,661,626","19,731,397,651","2,450,797,573",,,,"5,970,635,287","8,421,432,860",,,"130,724,604,520",,,,,
[060480],,,,,,,,,,"1,542,996,691",,,,,"4,366,744,769",,,,,,,,,,,,,,,,,,,,,,,,,,,,,,,,,,,,,,,,,,,,,,,,,,,,,,,,,,"587,297,272",,,,,"4,613,448","38,515,733",,,,,,,,,"2,060,441,510",,,,"4,885,982,989",,,,,,,,"449,385,767",,,,,,,,,,,,,,,,,,,,,,,,42,,,"5,909,741,460",,,,,,"9,885,391","20,951,842","1,036,683,039","118,857,516",,,,"445,603,922","564,461,438",,,"6,946,424,499",,,"2,060,441,510",,"4,885,982,989"
[011780],,,,,,,,,,,,,,,,,,,,,,,,,,,,,,,,,,,,,,,,,,,,,,,,,,,,,,,,,,,,,,,,,,,,,,,,,"102,443,753,108",,,,,"62,691,215,574","3,740,668,812",,,,,,,,,,,,,,,,,,,,,"32,826,762,657",,,,,,,,,,,,,,,,,,,,,,,,"4,341","4,323",18,"790,205,444,937",,,,,,"14,612,683,541","3,069,474,949","135,270,515,765","29,216,305,181",,,,"121,146,871,070","149,851,091,278","120,634,786,097","512,084,973","925,475,960,702",,,,,
[000270],,,,,,,,,,,,,,,,,,,,,,,,,,,,,,,,,,,,,,,,,,,,,,,,,,,,"565,612,000,000",,,,,,,,,,,,,,,,"467,402,000,000",,,,,"437,604,000,000",,,,"54,121,000,000",,,,,,,,,,,,,,,,,,,,,,,"1,033,014,000,000",,,,,,,,,,,,,"64,592,000,000",,"51,653,000,000",,,,,,,,,"1,947",,,"6,323,094,000,000",,,,,,,"-10,471,000,000","1,470,618,000,000","242,244,000,000",,"428,550,000,000",,"780,553,000,000","1,022,797,000,000",,,"7,793,712,000,000",,,,,
[089600],,,,,,,,,,,,,,,,,,,,,,,,,,,,,,,,,,,,,,,,,,,,,,,,,,,,,,,,,,,,,,,,,,,,,,,,"11,618,145,940","5,245,418,078",,,,,"18,118,571","7,739",,,,,,,,,,,,,,,,,,,,,,,,,,,,,,,,,,,,,,,,,,,,,478,,,,,,,,,"123,287,741","312,151,919",,"1,271,836,942",,,,"4,180,556,146","5,452,393,088",,,"16,863,564,018",,,,,
[004270],,,,,,,,,,,,,,,,,,,,,,,,,,,,,,,,,,,,,,,,,,,,,,,,,,,,,,,,,,,,,,,,,,,,,,,,,"900,674,627",,,,,"97,763,233","1,926,889",,,,,,,,,,,,,,,,,,,,,"1,161,127,404",,,,,,,,,,,,,,,"-169,075,694",,,,,,,,,34,,,"12,290,975,351",,,,,,"1,188,631,200","1,576,990,750","2,061,802,031","279,180,578",,,,"936,614,249","1,215,794,827",,,"14,352,777,382",,,,,
[056000],,,,,,,,,,,,,,,,,,,,,,,,,,,,,,,,,,,,,,,,,,,,,,,,,,,,,,,,,,,,,,,,,,,,,,,,,"215,373,157",,,,,"49,427,162","18,651,091",,,,,,,,,,,,,,,,,,,,,"1,587,998,104",,,,,,,,,,,,,,,,,,,,,,,,,,,"2,204,576,183",20,20,,,,"764,725","32,654,550","1,803,371,261",,,,,"278,039,053","278,039,053",,,"4,007,947,444",,,,,
[000320],,,,,,,,,,,,,,,,,,,,,,,,,,,,,,,,,,,,,,,,,,,,,,,,,,,,,,,,,,,,,,,,,,,,,,,,,"18,452,878,062",,,,,"6,673,573","42,462,545",,,,,,,,,,,,,,,,,,,,,,,,,,,,,,,,,,,,"1,628",,,,,,,,,,,,,,,,,,"450,196,188","450,958,438",,"1,468,736,081",,,,"16,949,115,259","18,417,851,340",,,,,,,,
[004370],,,,,,,,,,,,,,,,,,,,,,,,,,,,,,,,,,,,,,,,,,,,,,,,,,,,,,,,,,,,,,,,,,,,,,,,,"22,909,785,062",,,,,"5,704,033,486","524,680,203",,,,,,,,,,,,,,,,,,,,,"108,529,128,018",,,,,,,,,,,,,,,"-64,339,873",,,,,,,,,"4,067",,,"349,939,997,450","4,067",,,,,"1,550,200,337","4,471,383,692","131,438,913,080","7,425,434,095",,,,"23,520,547,732","30,945,981,827",,,"481,378,910,530",,,,,
[054050],,,,,,,,,,,,,,,,,,,,,,,,,,,,,,,,,,,,,,,,,,,,,,,,,,,,,,,,,,,,,,,,,,,,,,,,,"3,504,255,901",,,,,"620,424,035","247,033,311",,,,,,,,,,,,,,,,,,,,,"9,343,925,069",,,,,,,,,,,,,,,,,,,,,,,,238,,,"8,839,828,133",238,,,,,"227,186,851","603,363,297","12,848,180,970","441,670,098",,,,"3,812,152,973","4,253,823,071",,,"21,688,009,103",,,,,
[064260],,,,,,,,,,,,,,,,,,,,,,,,,,,,,,,,,,,,,,,,,,,,,,,,,,,,,,,,,,,,,,,,,,,,,,,,,"5,047,538,241",,,,,"3,987,891,155","570,609,134",,,,,,,,,,,,,,,,,,,,,,,,,,,,,,,,,,,,"2,846,638,078",,,,,,,,,194,,,,157,,,,,"1,201,114,589","250,212,010",,"2,061,769,594",,,,"11,143,588,788","13,205,358,382",,,"36,568,676,007",,,,,
[019680],,,,,,,,,,,,,,,,,,,,,,,,,,,,,,,,,,,,,,,,,,,,,,,,,,,,,,,,,,,,,,,,,,,,,,,,,"7,845,746,149",,,,,"9,042,228,827","2,905,851,951",,,,,,,,,,,,,,,,,,,,,"20,913,322,780",,,,,,132,,,132,,,,,,"603,750,351",,,,,,,,,,,,"149,870,673,490",,,,,,,"44,093,749","29,235,858,327","3,688,560,520",,,,"11,553,414,745","15,241,975,265",,,"179,106,531,817",,,,,
[006370],,,,,,,,,,,,,,,,,,,,,,,,,,,,,,,,,,,,,,,,,,,,,,,,,,,,,,,,,,,,,,,,,,,,,,,,,"-3,766,245,591",,,,,"62,759,636","79,399,193",,,,,,,,,,,,,,,,,,,,,"19,229,960,030",,,,,,,,,,,,,,,,,,,,,,,,-437,,,"10,382,924,699",-437,,,,,"487,928,251","1,230,418,172","15,463,714,439","334,616,702",,,,"-3,375,011,929","-3,040,395,227",,,"25,846,639,138",,,,,
[000210],,,,,,,,,,,,,,,,,,,,,,,,,,,,,,,,,,,,,,,,,,,,,,,,,,,,,,,,,,,,,,,,,,,,,,,,,"168,474,220,510",,,,,"120,326,350,497","22,955,954,490",,,,,,,,,,,,,,,,,,,,,"135,087,163,543",,,,,,,,,,,,,,,,,,,,,,,,"5,293",,,"1,498,750,263,807","5,306",,,,,"17,389,907,736","24,058,649,260","303,561,384,053","68,148,059,156",,,,"204,365,298,885","272,513,358,041",,,"1,802,311,647,860",,,,,
[078140],,,,,,,,,,,,,,,,,,,,,,,,,,,,,,,,,,,,,,,,,,,,,,,,,,,,,,,,,,,,,,,,,,,,,,,,,"320,277,021",,,,,"111,332,611","18,749,445",,,,,,,,,,,,,,,,,,,,,"2,076,918,040",,,,,,,,,,,,,,,,,,,,,,,,33,,,"11,467,031,094",33,,,,,"1,260,283","17,760,053","2,397,195,061","59,061,685",,,,"370,298,272","429,359,957",,,"13,864,226,155",,,,,
[045390],,,,,,,,,,,,,,,,,,,,,,,,,,,,,,,,,,,,,,,,,,,,,,,,,,,,,,,,,,,,,,,,,,,,,,,,,"1,388,901,866",,,,,"440,860,302","-338,832",,,,,,,,,,,,,,,,,,,,,"2,207,542,632",,,,,,,,,,,,,,,,,,,,,,,,24,,,"14,170,959,819",,,,,,"16,005,537","120,415,024","3,596,444,498","242,900,061",,,,"1,691,610,426","1,934,510,487",,,"17,767,404,317",,,,,
[047040],,,,,,,,,,,,,,,,,,,,,,,,,,,,,,,,,,,,,,,,,,,,,,,,,,,,,,,,,,,,,,,,,,,,,,,,,"86,336,625,575",,,,,"61,643,910,354","55,590,225,045",,,,,,,,,,,,,,,,,,,,,"108,117,337,573",,,,,,,,,,,,,,,,,,,,,,,,131,,,"1,738,797,334,630",131,,,,,"27,858,094,343","11,195,550,626","194,453,963,148","21,980,161,757",,,,"53,747,605,410","75,727,767,167",,,"1,933,251,297,778",,,,,
[042660],,,,,,,,,,,,,,,,,,,,,,,,,,,,,,,,,,,,,,,,,,,,,,,,,,,,,,,,,,,,,,,,,,,,,,,,,"204,158,987,006",,,,,"94,126,393,005","10,693,370,673",,,,,,,,,,,,,,,,,,,,,"61,277,815,151",,,,,,,,,,,,,,,,,,,,,,,,"1,821",,,"1,775,504,373,812","1,219",,,,,"189,223,375,313","102,855,300,343","265,436,802,157","160,026,855",,,,"201,063,907,513","201,223,934,368",,,"2,040,941,175,969",,,,,
[000430],,,,,,,,,,,,,,,,,,,,,,,,,,,,,,,,,,,,,,,,,,,,,,,,,,,,,,,,,,,,,,,,,,,,,,,,,"1,355,487,376",,,,,"5,414,544,802","323,514,281",,,,,,,,,,,,,,,,,,,,,"8,591,023,869",,,,,,,,,,,,,,,"7,784,104",,,,,,,,,75,,,"155,682,149,330",,,,,,"500,190,650","31,728,405","9,954,295,349","1,315,172,243",,,,"4,662,883,409","5,978,055,652",,,"165,636,444,679",,,,,
[005710],,,,,,,,,,,,,,,,,,,,,,,,,,,,,,,,,,,,,,,,,,,,,,,,,,,,,,,,,,,,,,,,,,,,,,,,,"5,539,196,622",,,,,"1,770,359,242","234,293,295",,,,,,,,,,,,,,,,,,,,,"4,346,403,033",,,,,,,,,,,,,,,,,,,,,,,,319,,,"133,409,967,288",319,,,,,,"898,648,334","9,885,599,655","1,579,526,769",,,,"6,394,384,134","7,973,910,903",,,"143,295,566,943",,,,,
[100130],,,,,,,,"6,239,520,207",,,,,,,,,"21,272,651,151",,,,,,,,,,,,,,,,,,,,,,,,,,,,,,,,,,,,,,,,,,,,,,,,,,,,,,,,"872,259,006",,,,,,,,,,,,,"6,644,844,430",,,"120,058,000",,,"26,062,158,752",,,,,,,,"4,442,630,818",,,,,,,,,,,,,,,"15,716,287",,,,,,,,,35,,,"27,512,171,358",,,,,,"128,549,948","1,455,752,902","5,314,889,824","239,986,284",,,,"1,951,183,959","2,191,170,243",,,"32,827,061,182",,,,,
[005160],,,,,,,,,,,,"59,225,823",,,,,"66,711,736,545",,,,,,,,,,,,,,,,,,,,,,,,,,,,,,,,,,,,,,,,,,,,,,,,,,,,,,,,"3,418,784,491",,"4,677,551,540",,,"2,972,854,339","774,577,929",,,,,,,,,"67,987,662",,,,"75,637,435,536",,,,,,,,"5,793,898,184",,,,,,,,,,,,,,,,,,,,,,,,88,,,"71,448,513,908",88,,,,,"47,801,828","27,343,111","9,212,682,675","1,055,093,701",,,"4,955,773,385","4,541,508,483","5,596,602,184",,,"80,661,196,583",,,,,
[001230],,,,,,,,,,,,,,,,,,,,,,,,,,,,,,,,,,,,,,,,,,,,,,,,,,,,,,,,,,,,,,,,,,,,,,,,,"30,213,955,916",,,,,"7,810,635,695","13,697,021,946",,,,,,,,,,,,,,,,,,,,,"66,037,724,856",,,,,,,,,,,,,,,,,,,,,,,,-53,,,"1,135,316,117,325",-53,,,,,"34,327,683,232","3,642,880,078","96,251,680,772","1,313,332,804",,,,"-5,043,900,685","-6,357,233,489",,,"1,231,567,798,097",,,,,
[001520],,,,,,,,,,,,,,,,,,,,,,,,,,,,,,,,,,,,,,,,,,,,,,,"282,586,647",,,,,,,,,,,,,,,,,,,,,"7,768,975,331",,,,,"-582,090,244",,,,,"592,472,491","372,112,606",,,,,,,,,,,,,,,,,,,,,"8,051,561,978",,,,,,,,,,,,,,,,,,,,,,,,11,,,"64,353,250,733",23,,,,,"861,174,594","4,501,823,892","7,469,471,734","1,026,963,445",,,,"2,251,955,494","3,278,918,939",,,"71,822,722,467",,,,,
[084670],,,,,,,,,,,,,,"27,847,112,082",,,,,,,,,,,,,,,,,,,,,,,,,,,,,,,,,,,,,,,,,,,,,,,,,,,,,,,,,,,"3,151,651,558",,"255,154,318",,,"480,988,579","12,460,921",,,,,,,,,,,"32,651,137,258",,,,,,,,,,"2,300,011,203",,,,,,,,,,,,,,,,,,,,,,,,939,,,"28,102,266,400",939,,,,,"362,266,779","50,330,482","5,451,662,761","733,688,385",,,"902,791,903","2,574,554,534","3,308,242,919","2,574,554,534",,"33,553,929,161",,,,,
[000150],,,,,,,,,,,,,,,,,,,,,,,,,,,,,,,,,,,,,,,,,,,,,,,,,,,,,,,,,,,,,,,,,,,,,,,,,"40,998,616,382",,,,,,,,,,,,,,,,,,,,,,,,,,,,,,,,,,,,,,809,,,,"4,764,846,864",,,,,,,,,,,,,,,,,,,"11,114,822,999",,"8,827,788,245",,,,"15,693,626,312","29,999,550,293","21,171,762,048","-5,478,135,736",,,,,,
[241560],,,,,,,,,,,,,,,,,,,,,,,,,,,,,,,,,,,,,,,,,,,,,,,,,,,,,,,,,,,,,,,,,,,,,,,,,"-2,220,318,000",,,,,"5,125,000","1,703,351,000",,,,,,,,,,,,,,,,,,,,,"7,843,596,000",,,,,,,,,,,,,,,"-28,000",,,,,,,,,,,,,,,,,,"2,355,691,000","2,889,407,000","5,623,278,000","-578,336,000",,,,"-2,806,492,000","-3,384,828,000",,,"5,623,278,000",,,,,
[336370],,,,,,,,,,,,,,,,,,,,,,,,,,,,,,,,,,,,,,,,,,,,,,,,,,,,,,,,,,,,,,,,,,,,,,,,,,,,,,,,,,,,,,,,,,,,,,,,,,,,,,,,,,,,,,,,,,,,,,,,,,,,,,,,,,,,,,,,,,,,,,,,,,,,,
[042670],,,,,,,,,,,,,,,,,,,,,,,,,,,,,,,,,,,,,,,,,,,,,,,,,,,,,,,,,,,,,,,,,,,,,,,,,"72,822,054,335",,,,,"704,587,472","12,342,173,192",,,,,,,,,,,,,,,,,,,,,"104,353,371,230",,,,,,,,,,,208,,,,,,,,,,,,,210,,,"738,277,957,132",,,,,,"44,049,347,942","43,526,232,304","177,175,425,565","16,328,772,623",,"-624,134,264",,"43,708,446,090","60,037,218,713",,,"915,453,382,697",,,,,
[034020],,,,,,,,,,,,,,,,,,,,,,,,,,,,,,,,,,,,,,,,,,,,,,,,,,,,,,,,,,,,,,,,,,,,,,,,,"47,330,357,995",,,,,"4,569,896,021","7,604,669,122",,,,,,,,,,,,,,,,,,,,,"71,878,450,273",,,,,,,,,,,,,,,"-3,034,773,101",,,,,,,,,-341,,,"751,317,589,564",-341,,,,,"227,840,631,912","138,574,770,414","119,208,808,268","9,379,154,293",,,,"-35,591,122,311","-44,970,276,604",,,"870,526,397,832",,,,,
[003160],,,,,,,,,,,,,,,,,,,,,,,,,,,,,,,,,,"17,795,926","2,071,735",,,,,"10,158,328","42,089,755",,,"26,902,974",,,,,,"202,391,389","75,785,755",,,,,,,,,,"2,505,018","131,983,487",,,,,,,,,,,"-1,252,785,711",,,,,"1,493,009,514","5,004,499",,,,,,,,,,,,,,,,,,,,,"5,165,101,903",,,,,,,,,,,,,,,"703,338,923",,,,,,,,,2,,,"9,098,489,003",2,,,,,"336,879,894","174,804,473","4,615,655,115","22,426,829",,,,"50,717,054","73,143,883",,,"13,714,144,118",,,,,
[001530],,,,,,,,,,,,,,,,,,,,,"14,450,080,625",,,,,,,,,,,,,,,,,,,"120,134,346","375,558,142","4,935,143","216,448,992","101,941,916",,,,,,"1,443,195,250","180,008,114",,,,,,,,,,"27,770,520","409,276,118",,,"9,490,431",0,,,,,,,"470,785,263",,,,,"62,037,365","999,448,885",,,,,,,,,,,,,,,,,,,,,"1,994,465,667",,,,,,,,,,,,,,,,,,,,,,,,"6,533",,,"74,127,512,247",,,,,,"1,889,732,319","15,449,107,278","2,465,250,930","1,545,639,214",,,,"11,547,109,488","13,092,748,702",,,"76,592,763,177",,,,,
[066900],,,,,,,,,,,,,,,,,,,,,,,,,,,,,,,,,,,,,,,,,,,,,,,,,,,,,,,,,,,,,,,,,,,,,,,,,"830,424,363",,,,,"384,263,697","22,755,403",,,,,,,,,,,,,,,,,,,,,"2,753,754,911",,,,,,,,,,,,,,,,,,,,,,,,44,,,"61,491,476,128",44,,,,,"726,268,983","493,508,415","3,584,179,274","140,885,514",,,,"818,286,575","959,172,089",,,"65,075,655,402",,,,,
[171010],,,,,,,,,,,,,,,,,,,,,,,,,,,,,,,,,,,,,,,,,,,,,,,,,,,,,,,,,,,,,,,,,,,,,,,,,"1,108,241,278",,,,,"91,619,236","207,203,367",,,,,,,,,,,,,,,,,,,,,"682,679,676",,,,,,,,,,,,,,,,,,,,,,,,50,,,"7,645,588,072",50,,,,,"306,269,357","28,613,651","1,790,920,954","141,314,000",,,,"573,687,441","715,001,441",,,"9,436,509,026",,,,,
[267980],,,,,,,,,,,,,,,,,,,,,,,,,,,,,,,,,,,,,,,,,,"80,880,393","435,672,985","140,088,208",,,,,,"722,980,675","545,671,073",,,,,,,,,,,,,"43,052,082","36,082,683","7,337,257",,,,,,,"20,712,717,587",,,,,"1,393,779,801","670,765,051",,,,,,,,,,,,,,,,,,,,,"71,155,771,389",,,,,,,,,,,,,,,,,,,,,,,,"2,194",,,"245,370,094,970","2,194",,,,,"809,452,697","1,202,312,659","91,868,488,976","4,624,673,291",,,,"17,203,919,008","21,828,592,299",,,"337,238,583,946",,,,,
[005990],,,,,,,,,,,,,,,,,,,,,,,,,,,,,,,,,,,,,,,,,,,,"89,522,672",,,,,,"13,496,241","27,034,865",,,,,,,,,,,,,,,0,,,,,,"2,420,790,437","3,055,552,697",,,,,"211,014,947","54,603,117",,,,,,,,,,,,,,,,,,,,,,,,,,,,,,,,,,,,,,,,,,,,,233,,,,233,,,,,"13,496,241","116,557,537",,"386,121,682",,,,"2,928,904,141","3,315,025,823",,,"5,476,343,134",,,,,
[067280],,,,,,,,,,,,,,,,,,,,,,,,,,,,,,,,,,,,,,,,,,,,,,,,,,,,,,,,,,,,,,,,,,,,,,,,,,,,,,,,,,,,,,,,,,,,,,,,,,,,,,,,,,,,,,,572,,,"10,856,049,536","3,367,120,940",,,,,,,,,,,,"46,766,528,769",,,,,,,,"15,187,958,421",,,,,,,,,"61,954,487,190",,,,,
[041920],,,,,,,,,,,,,,,,,,,,,,,,,,,,,,,,,,,,,,,,,,,,,,,,,,,,,,,,,,,,,,,,,,,,,,,,,"999,701,712",,,,,"281,067,739","23,713,389",,,,,,,,,,,,,,,,,,,,,"2,254,216,736",,,,,,,,,,,,,,,,,,,,,,,,146,,,"6,706,462,527",146,,,,,"6,699,620","22,202,562","3,253,918,448","22,228,529",,,,"1,250,330,475","1,272,559,004",,,"9,960,380,975",,,,,
[017180],,,,,,,,,,,,,,,,,,,,,,,,,,,,,,,,,,,,,,,,,,,,,,,,,,,,,,,,,,,,,,,,,,,,,,,,,"71,248,725",,,,,"459,797,697","26,740,028",,,,,,,,,,,,,,,,,,,,,"16,609,989,402",,,,,,,,,,,,,,,"1,032,300,859",,,,,,,,,-55,,,"18,580,092,191",,,,,,"947,832,032","155,724,849","16,681,238,127","26,021,485",,,,"-1,346,123,133","-1,320,101,648",,,"35,261,330,318",,,,,
[009680],,,,,,,,,,,,,,,,,,,,,,,,,,,,,,,,,,,,,,,,,,,,,,,,,,,,,,,,,,,,,,,,,,,,,,,,,"1,691,031,477",,,,,"154,658,616","14,999,096",,,,,,,,,,,,,,,,,,,,,"3,257,475,257",,,,,,,,,,,,,,,,,,,,,,,,127,,,"40,327,934,887",,,,,,"19,624,625","1,663,488,928","4,948,506,734","675,037,477",,,,"2,799,517,823","3,474,555,300",,,"45,276,441,621",,,,,
[033920],,,,,,,,,,,,,,,,,,,,,,,,,,,,,,,,,,,,,,,,,,,,,,,,,,,,,,,,,,,,,,,,,,,,,,,,,"-1,482,468,363",,,,,"34,565,495,976","2,303,566,539",,,,,,,,,,,,,,,,,,,,,"18,518,593,197",,,,,,,,,,,,,,,,,,,,,,,,,,,"24,657,020,991",,,,,,,"136,198,708","17,036,124,834","7,411,781,417",,,,"23,503,878,365","30,915,659,782",,,"41,693,145,825",,,,,
[018700],,,,,,,,,,,,,,,,,,,,,,,,,,,,,,,,,,,,,,,,,,,,,,,,,,,,,,,,,,,,,,,,,,,,,,,,"1,100,408,307","-557,379,282",,,,,"8,280,001","17,184,907",,,,,,,,,,,,,,,,,,,,,,,,,,,,,,,,,,,,,,,,,,,,,-24,,,,-24,,,,,"120,543,342","300,865,347",,,,,,"-385,962,183","-385,962,183",,,"543,029,025",,,,,
[015350],,,,,,,,,,,,,,,,,,,,,,,,,,,,,,,,,,,,,,,,,,,,,,,,,,,,,,,,,,,,,,,,,,,,,,,,,"26,941,126,614",,,,,"480,743,507","41,065,381",,,,,,,,,,,,,,,,,,,,,"25,870,736,652",,,,,,,,,,,,,,,"2,673,905,130",,,,,,,,,"2,364",,,"302,690,912,710",,,,,,"55,664,021","992,904,486","52,811,863,266","7,351,068,412",,,,"23,640,881,923","30,991,950,335",,,"355,502,775,976",,,,,
[030790],,,,,,,,,,,,,,,,,,,,,,,,,,,,,,,,,,,,,,,,,,,,,,,,,,,,,,,,,,,,,,,,,,,,,,,,,"-2,002,476,814",,,,,"858,172,756","703,311,890",,,,,,,,,,,,,,,,,,,,,"2,546,270,782",,,,,,,,,,,,,,,,,,,,,,,,"-1,295",,,"16,922,698,776","-1,295",,,,,"3,140,255,831","152,276,811","543,793,968",,,,,"-4,835,594,968","-4,835,594,968",,,"17,466,492,744",,,,,
[065450],,,,,,,,,,,,,,,,,,,,,,,,,,,,,,,,,,,,,,,,,,,,,,,,,,,,,,,,,,,,,,,,,,,,,,,,,"677,246,614",,,,,"9,264,618","38,893,836",,,,,,,,,,,,,,,,,,,,,"1,410,730,755",,,,,,,,,,,,,,,,,,,,,,,,23,,,"10,357,686,524",23,,,,,"289,832,866","313,174,370","2,087,977,369","120,979,718",,0,,"549,979,182","670,958,900",,,"12,445,663,893",,,,,
[018260],,,,,,,,,,,,,,,,,,,,,,,,,,,,,,,,,,,,,,,,"1,484,013,692","3,870,585,615",,,,,,,,,"1,395,452,840","12,293,042,822",,,,,,,,,,"1,066,449,644","473,068,305",,,,,,,,,,,"147,843,562,820",,,,,"20,074,037,447","2,810,218,264",,,,,,,,,,,,,,,,,,,,,"144,388,508,994",,,,,,,,,,,,,,,,,,,,,,,,"1,618",,,"955,360,933,457","1,618",,,,,"2,934,970,789","17,647,642,129","292,232,071,814","54,655,801,669",,,,"125,164,251,674","179,820,053,343","125,164,251,674",,"1,247,593,005,271",,,,,
[028050],,,,,,,,,,,,,,,,,,,,,,,,,,,,,,,,,,,,,,,,"4,983,219,064","2,586,986,428",,,,,,,,,"3,132,658,807","1,000,290,811",,,,,,,,,,"2,661,834,906","3,065,961,834",,,,,,,,,,,"67,191,556,449",,,,,"97,216,369,016","106,971,711,103",,,,,,,,,,,,,,,,,,,,,"81,237,304,875",,,,,,,,,,,,,,,,,,,,,,,,243,,,"892,797,844,150",,,,,,"8,860,455,547","8,570,496,303","148,428,861,324","9,423,790,095",,,,"47,722,465,023","57,146,255,118",,,"1,041,226,705,474",,,,,
[005930],,,,,,,,,,,,,,,,,,,,,,,,,,,,,,,,,,,,,,,,,,,,,,,,,,,,,,,,,,,,,,,,,,,,,,,,,"3,896,923,000,000",,,,,"255,526,000,000","184,836,000,000",,,,,,,,,,,,,,,,,,,,,"6,689,249,000,000",,,,,,,,,,,,,,,"456,280,000,000",,,,,,,,,455,,,"26,452,223,000,000",455,,,,,,"643,068,000,000","10,586,172,000,000","1,065,773,000,000",,,,"3,088,628,000,000","4,154,401,000,000","3,088,628,000,000",,"37,038,395,000,000",,,,,
[010140],,,,,,,,,,,,,,,,,,,,,,,,,,,,,,,,,,,,,,,,,,,,,,,,,,,,,,,,,,,,,,,,,,,,,,,,,"-82,419,943,062",,,,,"439,022,413,324","455,342,784,319",,,,,,,,,,,,,,,,,,,,,"77,200,165,315",,,,,,,,,,,,,,,,,,,,,,,,,-195,-195,"1,348,580,861,591",,-195,-195,,,"58,640,649,811","42,940,860,804","-5,219,777,747","3,520,518,690",,,,"-117,960,621,754","-114,440,103,064",,,"1,343,361,083,844",,,,,
[002170],,,,,,,,,,,,,,,,,,,,,,,,,,,,,,,,,,,,,,,,,,,,,,,,,,,,,,,,,,,,,,,,,,,,,,,,,"8,246,830,833",,,,,"9,719,733","25,931,959",,,,,,,,,,,,,,,,,,,,,"1,067,526,578",,,,,,,,,,,,,,,,,,,,,,,,"2,549",,,"33,201,241,285",,,,,,"280,760,142","2,055,422,729","9,314,357,411","2,508,850,215",,,,"7,496,430,979","10,005,281,194",,,"42,515,598,696",,,,,
[001880],,,,,,,,,,,,,,,,,,,,,,,,,,,,,,,,,,,,,,,,,,,,,,,,,,,,,,,,,,,,,,,,,,,,,,,,,"35,771,057,795",,,,,"1,006,526,993","987,925,247",,,,,,,,,,,,,,,,,,,,,"8,778,369,751",,,,,,,,,,,"1,969",,,,,,,,,,,,,,,,"260,271,276,989",,,,,,"864,419,898","2,565,063,530","44,549,427,546","7,598,365,738",,,,"29,891,937,435","37,490,303,173",,,"304,820,704,535",,,,,
[004450],,,,,,,,,,,,,,,,,,,,,,,,,,,,,,,,,,,,,,,,,,,,,,,,,,,,,,,,,,,,,,,,,,,,,,,,,"1,988,503,750",,,,,"302,935,001","114,000,000",,,,,,,,,,,,,,,,,,,,,"2,548,861,490",,,,,,,,,,,,,,,"-23,272,566",,,,,,,,,"1,244",,,"20,698,861,634","1,243",,,,,"72,200,146","888,515,209","4,537,365,240","684,122,417",,,,"2,286,358,831","2,970,481,248",,,"25,236,226,874",,,,,
[101000],,,,,,,,,,,,,,,,,,,,,,,,,,,,,,,,,,,,,,,,,,,,,,,,,,,,,,,,,,,,,,,,,,,,,,,,,"-147,057,889",,,,,"703,665,072","158,352,158",,,,,,,,,,,,,,,,,,,,,"964,349,696",,,,,,,,,,,,,,,,,,,,,,,,2,,,"8,265,629,448",2,,,,,"297,483,485","5,098,829","817,291,807",,,,,"105,870,369","105,870,369",,,"9,082,921,255",,,,,
[003100],,,,,,,,,,,,,"40,749,515",,,,,,,,,,,,,,,,,,,,,,,,,,,,,,,,,,,,,,,,,,,,,,,,,,,,,,,,,,,,"3,696,114,137",,,,,"1,272,175,477","355,407,673",,,,,,,,,,"584,211,428",,,,,,,,,,,"1,795,471,484",,,,,,,,"11,333,159,030",,,,,,,"871,042",,,,,,"16,282,153,780",,,638,,,"11,373,908,545",638,,,,,"433,706,100","104,489,107","5,492,456,663","441,639,040",,,,"3,842,025,908","4,283,664,948","3,842,025,908",,"16,866,365,208",,,,,
[017510],,,,,,,,,,,,,,,,,,,,,,,,,,,,,,,,,,,,,,,,,,,,,,,,,,,,,,,,,,,,,,,,,,,,,,,,,"95,118,656",,,,,"166,573,320","1,624,749",,,,,,,,,,,,,,,,,,,,,"381,176,251",,,,,,,,,,,,,,,,,,,,,,,,37,,,"2,327,056,103",37,,,,,"592,025,911","934,039,727","476,294,907","44,483,721",,,,"557,597,322","602,081,043",,,"2,803,351,010",,,,,
[091090],,,,,,,,,,,,,,,,,,,,,,,,,,,,,,,,,,,,,,,,,,,,,,,,,,,,,,,,,,,,,,,,,,,,,,,,,"389,819,264",,,,,"801,478,405","301,899,902",,,,,,,,,,,,,,,,,,,,,"3,451,761,507",,,,,,,,,,,,,,,"635,209,846",,,,,,,,,1,,,"29,350,587,290",1,,,,,"1,257,943,212","66,887,162","4,476,790,617","-358,181,033",,"-12,309,414",,"44,213,336","-313,967,697",,,"33,827,377,907",,,,,
[021820],,,,,,,,,,,,,,,,,,,,,,,,,,,,,,,,,,,,,,,,,,,,,,,,,,,,,,,,,,,,,,,,,,,,,,,,,"-1,418,697,473",,,,,"138,750,152","25,445,072",,,,,,,,,,,,,,,,,,,,,"1,645,185,777",,,,,,,,,,,,,,,,,,,,,,,,-39,,,"8,089,050,334",,,,,,"345,301,307","1,103,493,540","226,488,304","-153,304,198",,,,"-393,895,962","-547,200,160",,,"8,315,538,638",,,,,
[108860],,,,,,,,,,,,,,,,,,,,,,,,,,,,,,,,,,,,,,,,,,,,,,,,,,,,,,,,,,,,,,,,,,,,,,,,,"-1,981,707,062",,,,,"45,375,996","60,104,330",,,,,,,,,,,,,,,,,,,,,,,,,,,,,,,,,,,,0,,,,,,,,,-95,,,"4,597,239,456",-95,,,,,"132,297,390","36,214,984",,,,,,"-2,092,517,802","-2,092,517,802",,,"2,615,532,394",,,,,
[068270],,,,,,,,,,,,,,,,,,,,,,,,,,,,,,,,,,,,,,,,,,,,,,,,,,,,,,,,,,,,,,,,,,,,,,,,,"75,855,651,662",,,,,"4,287,324,389","846,720,400",,,,,,,,,,,,,,,,,,,,,"47,522,876,989",,,,,,,,,,,,,,,,,,,,,,,,474,,,"68,128,438,543",471,,,,,"1,859,523,689","4,502,093,741","123,378,528,651","18,753,629,499",,,,"63,185,196,204","81,938,825,703",,,"191,506,967,194",,,,,
[086980],,,,,,,,,,,,,,,,,,,,,,,,,,,,,,,,,,,,,,,,,,,,,,,,,,,,,,,,,,,,,,,,,,,,,,,,,"1,141,899,183",,,,,"498,003,144","157,665,134",,,,,,,,,,,,,,,,,,,,,"2,280,431,956",,,,,,,,,,,,,,,,,,,,,,,,29,,,"26,064,019,227",29,,,,,"36,410,796","1,238,351,709","3,422,331,139","863,426,987",,,,"1,820,751,119","2,684,178,106",,,"29,486,350,366",,,,,
[050960],,,,,,,,,,,,,,,,,,,,,,,,,,,,,,,,,,,,,,,,,,,,,,,,,,,,,,,,,,,,,,,,,,,,,,,,,"155,088,869",,,,,"5,771,155",0,,,,,,,,,,,,,,,,,,,,,,,,,,,,,,,,,,,,,,,,,,,,,48,,,"2,786,914,266",,,,,,"63,902","185,244,063",,"25,298,764",,,,"320,741,421","346,040,185",,,"2,942,003,135",,,,,
[033790],"309,000,000",0,"1,256,768","164,957,540","105,408,337","2,119,931","571,000",,,,,,,,,,,,,"47,785,338",,,,"61,368,431",,"17,981,135",,,"3,400,300",,,,,,,,,,,"302,886","31,194,285",,,,,,,,"1,894,735","205,257,340","155,364,595",,,0,0,"217,672,814",,,,"1,000","143,179",0,,,,,,,"12,186,815","578,750",,,"-2,610,356,493","1,496,943,340",,,,"12,186,815","218,252,564",,,"44,691,573","1,089,401",,"1,860,000",,,,,,,,,,0,"290,362,655",,"5,529,298","31,291,009","2,650,244,364","1,640,000","34,476,054","18,175,965","8,441,554",,,,,,,,"3,900,000","335,866,180",,"-111,176,683",,,,,,,,,-140,,,"1,020,971,409",-140,,,,,"211,108,019","561,111,361","39,887,871",0,,,,"-2,466,418,900","-2,466,418,900",,,"1,060,859,280",,,,,
[131100],,,,,,,,,,,,,,,,,,,,,,,,,,,,,,,,,,,,,,,,,,,,,,,,,,,,,,,,,,,,,,,,,,,,,,,,,"-2,094,929,836",,,,,"319,885,258","1,381,894,019",,,,,,,,,,,,,,,,,,,,,"2,305,298,509",,,,,,,,,,,,,,,,,,,,,,,,-125,-125,,"7,693,491,098",,,,,,"1,159,854,213","1,264,134,894","210,368,673",,,"-447,527,772",,"-3,500,185,688","-3,500,185,688","-3,500,185,688",,"7,903,859,771",,,,,
[004970],,,,,,,,,,,,,,,,,,,,,,,,,,,,,,,,,,,,,,,,,,,,,,,,,,,,,,,,,,,,,,,,,,,,,,,,,"4,925,672,176",,,,,"4,866,601,708","779,544,295",,,,,,,,,,,,,,,,,,,,,"5,705,465,942",,,,,,,,,,,,,,,,,,,,,,,,566,,,"85,212,876,776",,,,,,"80,259,212","2,875,448,013","10,631,138,118","2,755,386,998",,,,"9,052,531,392","11,807,918,390",,,"95,844,014,894",,,,,
[065350],,,,,,,,,,,,,,,,,,,,,,,,,,,,,,,,,,,,,,,,,,,,,,,,,,,,,,,,,,,,,,,,,,,,,,,,,"3,576,224,776",,,,,"708,315,758","23,120,606",,,,,,,,,,,,,,,,,,,,,"3,508,590,751",,,,,,,,,,,,,,,0,,,,,,,,,166,166,0,"34,135,061,215",161,161,0,,,"747,496,894","175,356,142","4,014,404,206","118,248,529",,,,"3,571,030,647","3,689,279,176","3,571,030,647",0,"38,149,465,421",,,,,
[011930],,,,,,,,,,,,,,,,,,,,,,,,,,,,,,,,,,,,,,,,,,,,,,,,,,,,,,,,,,,,,,,,,,,,,,,,,"400,465,016",,,,,,,,,,,,,,,,,,,,,,,,,,,,,,,,,,,,,,0,,,,"-2,309,162,199",,"238,178,163",,,,,,,,,,"58,253,389,763",,,,,,,,"9,128,281,076","549,587,741",,,,"-2,309,162,199","-1,759,574,458",,0,"67,381,670,839",,,,,
[004170],,,,,,,,,,,,,,,,,,,,,,,,,,,,,,,,,,,,,,,,,,,,,,,,,,,,,,,,,,,,,,,,,,,,,,,,,"53,382,357,314",,,,,"796,772,507,646","2,310,622,196",,,,,,,,,,,,,,,,,,,,,"252,359,512,004",,,,,,,,,,,,,,,,,,,,,,,,"67,997",,,"69,256,660,645","67,997",,,,,"23,238,019,458","40,804,824,725","305,741,869,318","196,565,770,711",,,,"668,845,277,320","865,411,048,031",,,"374,998,529,963",,,,,
[108320],,,,,,,,,,,,,,,,,,,,,,,,,,,,,,,,,,,,,,,,,,,,,,,,,,,,,,,,,,,,,,,,,,,,,,,,,"1,645,291,553",,,,,"829,502,628","278,800,546",,,,,,,,,,,,,,,,,,,,,"38,060,339,578",,,,,,,,,,,,,,,,,,,,,,,,172,,,"137,660,749,717",172,,,,,"77,030,868","1,047,838,615","39,705,631,131","370,292,126",,,,"2,796,509,256","3,166,801,382",,,"177,366,380,848",,,,,
[003410],,,,,,,,,,,,,,,,,,,,,,,,,,,,,,,,,,,,,,,,,,,,,,,,,,,,,,,,,,,,,,,,,,,,,,,,,"15,082,522,642",,,,,"9,422,837,584","7,861,363,009",,,,,,,,,,,,,,,,,,,,,"22,077,036,280",,,,,,,,,,,109,,,,,,,,,,,,,99,,,"188,268,293,179",99,,,,,"5,262,423,875","40,041,645,142","37,159,558,922","1,317,493,443",,,,"50,105,725,041","51,423,218,484",,,"225,427,852,101",,,,,
[010280],,,,,,,,,,,,,,,,,,,,,,,,,,,,,,,,,,,,,,,,,,,,,,,,,,,,,,,,,,,,,,,,,,,,,,,,,"31,851,916",,,,,"200,049,215","19,655,513",,,,,,,,,,,,,,,,,,,,,"2,595,303,173",,,,,,,,,,,,,,,,,,,,,,,,8,,,"23,431,941,023",,,,,,"28,712,325","147,391,065","2,627,155,089","1,428,238",,,,"329,496,120","330,924,358",,,"26,059,096,112",,,,,
[015540],,,,,,,,,,,,,,,,,,,,,,,,,,,,,,,,,,,,,,,,,,,,,,0,,0,,,,,,,,,,,,,,,0,,,,,,,,,,"-1,923,820,171",,,,,"114,006,794",0,,,,,,,,,,,,,,,,,,,,,"1,958,224,163",,,,,,,,,,,,,,,"11,850,164",,,,,,,,,-403,,,"1,202,072,398",,,,,,"421,108,106","21,697,855","34,403,992",0,,,,"-2,221,073,792","-2,221,073,792",,,"1,236,476,390",,,,,
[067390],,,,,,,,,,,,,,,,,,,,,,,,,,,,,,,,,,,,,,,,,,,,,,,,,,,,,,,,,,,,,,,,,,,,,,,,,"736,787,283",,,,,"2,104,622,568","834,247,063",,,,,,,,,,,,,,,,,,,,,"1,706,922,011",,,,,,,,,,,,,,,,,,,,,,,,65,,,"28,288,255,384",65,,,,,"1,032,567,500","307,255,765","2,443,709,294","255,771,272",,,,"1,026,079,781","1,281,851,053",,,"30,731,964,678",,,,,
[099190],,,,,,,,,,,,,,,,,,,,,,,,,,,,,,,,,,,,,,,,,,,,,,,,,,,,,,,,,,,,,,,,,,,,,,,,,"6,814,519,786",,,,,"1,068,643,888","627,619,379",,,,,,,,,,,,,,,,,,,,,"8,499,081,440",,,,,,,,,,,,,,,"-576,110,790",,,,,,,,,384,,,"20,575,325,275",383,,,,,"210,549,185","94,715,433","15,313,601,226","1,292,133,940",,,,"5,271,465,813","6,563,599,753",,,"35,888,926,501",,,,,
[032080],,,,,,,,,,,,,,,,,,,,,,,,,,,,,,,,,,,,,,,,,,,,,,,,,,,,,,,,,,,,,,,,,,,,,,,,,"563,776,041",,,,,"1,191,528,924","982,174,576",,,,,,,,,,,,,,,,,,,,,"2,199,897,160",,,,,,,,,,,,,,,,,,,,,,,,77,,,"8,379,906,425",75,,,,,"115,085,542","1,101,174,925","2,763,673,201","166,935,780",,,,"1,592,283,992","1,759,219,772",,,"11,143,579,626",,,,,
[158430],,,,,,,,,,,,,,,,,,,,,,,,,,,,,,,,,,,,,,,,,,,,,,,,,,,,,,,,,,,,,,,,,,,,,,,,,"844,310,037",,,,,"139,973,719","32,440",,,,,,,,,,,,,,,,,,,,,"2,139,230,311",,,,,,,,,,,,,,,,,,,,,,,,308,,,"3,827,759,378",,,,,,"59,590,808","65,298,413","2,983,540,348","128,125,890",,,,"861,833,031","989,958,921",,,"6,811,299,726",,,,,
[011090],,,,,,,,,,,,,,,,,,,,,,,,,,,,,,,,,,,,,,,,,,,,,,,,,,,,,,,,,,,,,,,,,,,,,,,,,"503,383,151",,,,,"533,204,954","33,868,890",,,,,,,,,,,,,,,,,,,,,"8,545,188,595",,,,,,,,,,,,,,,,,,,,,,,,13,,,"102,503,112,256",,,,,,"172,798,822","56,605,901","9,048,571,746","193,162,264",,,,"693,364,030","886,526,294",,,"111,551,684,002",,,,,
[031330],,,,,,,,,,,,,,,,,,,,,,,,,,,,,,,,,,,,,,,,,,,,,,,,,,,,,,,,,,,,,,,,,,,,,,,,,"10,044,910,605",,,,,"5,924,025,648","3,518,087,811",,,,,,,,,,,,,,,,,,,,,"4,098,205,218",,,,,,,,,,,,,,,,,,,,,,,,93,,,"314,749,423,163",93,,,,,"1,055,335,782","21,056,390","14,143,115,823","2,191,980,172",,,,"9,224,588,878","11,416,569,050",,,"328,892,538,986",,,,,
[060540],0,,"1,996,155",,"85,742,563","4,940,332",,,,"1,510,379,142",,,"71,625,703",,"359,486,407","123,863,100","235,623,307",,"1,438,753,439","17,043,767","872,400",,,"17,784,671",,"40,611,270",,,"5,335,985",,,,,,,,,,,"57,217,867","185,989,465",,,"19,905,805",,,,,"19,357,376","2,729,199","45,709,770",,,,,,,,,,0,0,,,,"1,090,500",,,"1,039,710","180,025",,,"1,014,872,100","182,132,415",,,,"1,039,710","180,025",,,"10,533,449","1,417,616","32,200,000","22,728",,,,"259,227,410",,"167,518,846","344,484,482",,"2,764,416,229",,"149,981,010",,"3,528,094","10,750,180","650,909,318","1,844,854","8,837,781","17,355,020","7,044,272","32,449,780",,,,,,,,,,,,,,,,,,,40,,,"1,869,865,549",40,,,,,"3,819,699","309,695,307","1,665,781,418","267,775,567",,,,"1,053,831,826","1,321,607,393",,,"3,535,646,967",,,"3,023,643,639",,"512,003,328"
[056190],,,,,,,,,,,,,,,,,,,,,,,,,,,,,,,,,,,,,,,,,,,,,,,,,,,,,,,,,,,,,,,,,,,,,,,,,"34,513,712,784",,,,,"5,163,516,675","5,517,604,773",,,,,,,,,,,,,,,,,,,,,"16,171,731,109",,,,,,,,,,,,,,,,,,,,,,,,"1,258",,,"117,867,483,949","1,258",,,,,"13,486,883","16,256,781,566","50,685,443,893","8,259,813,071",,,,"42,143,106,298","50,402,919,369",,,"168,552,927,842",,,,,
[080000],,,,"232,363,636",,,,,,,,,,,,,,,,,,,,,,,,,,,,,,,,,,,,"305,762,996",,,,,,,,,,,"220,336,587",,,,,,,,,,,,,,,,,"1,300,771,186",,,,,"764,420,337",,,,,,,,,,,,,,,,,,,,,,,,,,,"2,508,089,819",,,,,,,,,,,,,"-732,138,471",,,,,,,,,,"974,954,997",32,,,"8,453,796,385",32,,,,,,"510,577,861","3,272,510,156","166,896,009",,,,"1,108,102,189","1,274,998,198",,,"11,726,306,541",,,,,
[005850],,,,,,,,,,,,,,,,,,,,,,,,,,,,,,,,,,,,,,,,,,,,,,,,,,,,,,,,,,,,,,,,,,,,,,,,,"-2,058,792,879",,,,,"2,081,668,997","772,821,873",,,,,,,,,,,,,,,,,,,,,"14,642,362,205",,,,,,,,,,,,,,,,,,,,,,,,285,,,"165,341,124,828",,,,,,"4,093,882","11,841,959,308","12,583,569,326","1,439,312,317",,,,"9,648,607,354","11,087,919,671",,,"177,924,694,154",,,,,
[012750],,,,,,,,,,,,,,,,,,,,,,,,,,,,,,,,,,,,,,,,,,,,,,,,,,,,,,,,,,,,,,,,,,,,,,,,,"45,086,022,351",,,,,"3,839,784,204","3,696,099,293",,,,,,,,,,,,,,,,,,,,,"86,850,725,856",,,,,,,,,,,,,,,,,,,,,,,,"1,064",,,"354,212,363,716","1,064",,,,,"218,146,121","1,580,383,987","131,936,748,207","10,604,125,498",,,,"35,987,819,630","46,591,945,128",,,"486,149,111,923",,,,,
[123700],,,"41,017,910","9,584,811","290,758,980","11,067,561",,,,,,,,,"14,654,936,773","2,606,477,285","12,048,459,488",,,"54,254,351",,"2,378,700,000","2,000,000","68,962,184",,"12,637,448",,"188,560,803","92,900,378","576,823,912",,"166,020,387","629,044,007",,0,,,,"86,027,921",,,,,,,,,,"11,328,498","714,108","122,631,536",,"5,700,000","45,055,903","77,368,233",,,"17,900,911",,"6,276,274",,,,,,0,,"8,080,000","416,396,703","69,050,455",,,"-2,579,803,099","602,011,108",,,,"4,258,712,930","217,651,776","73,132,260",,"175,060,323","11,431,405","25,500,000","1,500,000",,,,,,"3,089,650,456","11,706,481,598",,,,"892,563,033","22,824,050","6,905,839","59,815,638","2,720,998,380","12,435,423","41,530,001",,"7,136,376",,,,,,,,,,,,,,,,,,,,86,86,,"14,654,936,773",86,86,,,,"714,108","122,631,536","141,195,281","237,625,516",,,,"1,345,549,967","1,583,175,483",,,"14,796,132,054",,,,,"14,796,132,054"
[025530],,,"181,277",,"71,557,514","1,784,577",,,,,,,,,,,,,,"56,664,902",,"5,712,174",,"11,751,130",,0,,,"6,000",,"30,222,299","3,273,882",,,,,,,,,,,,,,,,,"7,362,383","78,115,068","229,789,172",,,,,,0,,,,,,,,,,,,"159,318","1,248",,,"1,323,139,499",,,,,"39,367,673","1,248",,,"38,061,105","1,460,500","9,780,000",0,,"180,493,715",,"262,661,428",,,,,,,"220,631,990",,"1,317,018","3,478,731","431,659,652",,"1,373,000","3,083,023","3,166,502",,,,,,,,,,,,,,,,,,"1,311,644,008",,108,108,,0,108,108,,,,"78,115,068","229,789,172","1,754,799,151","57,100,576",,,,"1,457,079,452","1,514,180,028",,,"1,754,799,151",,,"1,754,799,151",,
[069510],,,,,,,,,,,,,,,,,,,,,,,,,,,,,,,,,,,,,,,,,,,,,,,,,,,,,,,,,,,,,,,,,,,,,,,,,"1,214,037,382",,,,,"2,492,646,655","763,689,765",,,,,,,,,,,,,,,,,,,,,"9,163,089,414",,,,,,,,,,,,,,,,,,,,,,,,315,,,"38,723,777,860",,,,,,"3,657,574","547,751,325","10,377,126,796","836,690,325",,,,"2,650,397,698","3,487,088,023",,,"49,100,904,656",,,,,
[050760],,,,,,,,,,,,,,,,,,,,,,,,,,,,,,,,,,,,,,,,,,,,,,,,,,,,,,,,,,,,,,,,,,,,,,,,,"3,469,275,500",,,,,"259,185,013","221,669,079",,,,,,,,,,,,,,,,,,,,,"2,668,293,746",,,,,,,,,,,,,,,"24,340,086",,,,,,,,,162,,,"28,575,412,817",162,,,,,"328,621,706","199,911,434","6,030,730,098","782,165,082",,"-69,910,842",,"2,550,345,324","3,332,510,406",,,"34,606,142,915",,,,,
[003800],,,,,,,,,,,,,,,,,,,,,,,,,,,,,,,,,,,,,,,,,,,,,,,,,,,,,,,,,,,,,,,,,,,,,,,,,"8,158,742,609",,,,,"1,016,052,560","353,027,375",,,,,,,,,,,,,,,,,,,,,"31,940,393,470",,,,,,,,,,,,,,,,,,,,,,,,810,,,"25,518,629,888",810,,,,,"925,717,702","2,859,075,813","40,099,136,079","2,454,931,627",,,,"8,300,194,278","10,755,125,905",,,"65,617,765,967",,,,,
[036180],,,,,,,,,,,,,,,,,,,,,,,,,,,,,,,,,,,,,,,,,,,,,,,,,,,,,,,,,,,,,,,,,,,,,,,,,"83,179,129",,,,,"1,927,169","17,394",,,,,,,,,,,,,,,,,,,,,"1,971,581,193",,,,,,,,,,,,,,,,,,,,,,,,7,,,"6,632,682,429",7,,,,,"52,376,907","103,573,973","2,054,760,322","14,991,457",,,,"121,294,513","136,285,970",,,"8,687,442,751",,,,,
[037950],,,,,,,,,,,,,,,,,,,,,,,,,,,,,,,,,,,,,,,,,,,,,,,,,,,,,,,,,,,,,,,,,,,,,,,,,"72,513,705",,,,,"464,625,933","48,707,086",,,,,,,,,,,,,,,,,,,,,"1,381,893,027",,,,,,,,,,,,,,,"102,246,462",,,,,,,,,4,,,"4,644,557,331",4,,,,,,"59,107,626","1,454,406,732","68,535,301",,,,"376,758,415","445,293,716",,,"6,098,964,063",,,,,
[111770],,,,,,,,,,,,,,,,,,,,,,,,,,,,,,,,,,,,,,,,,,,,,,,,,,,,,,,,,,,,,,,,,,,,,,,,,"22,606,789,764",,,,,"5,957,262,909","6,395,978,078",,,,,,,,,,,,,,,,,,,,,"16,785,358,519",,,,,,,,,,,,,,,,,,,,,,,,389,,,"221,618,099,461",,,,,,"1,021,407,208","1,201,342,081","39,392,148,283","5,290,470,635",,,,"17,057,538,833","22,348,009,468",,,"261,010,247,744",,,,,
[009970],,,,,,,,,,,,,,,,,,,,,,,,,,,,,,,,,,,,,,,,,,,,,,,,,,,,,,,,,,,,,,,,,,,,,,,,,"15,615,791,328",,,,,,"194,545",,,,,,,,,,,,,,,,,,,,,,,,,,,,,,,,,,,,"517,688",,,,,,,,,"1,381",,,,,,,,,,"91,828,202",,"-318,702,483",,,,"16,025,609,780","15,706,907,297",,,,,,,,
[036000],,,,,,,,,,,,,,,,,,,,,,,,,,,,,,,,,,,,,,,,,,,,,,,,,,,,,,,,,,,,,,,,,,,,,,,,,"111,801,282",,,,,"22,201,477","26,950,674",,,,,,,,,,,,,,,,,,,,,"2,125,148,165",,,,,,,,,,,,,,,,,,,,,,,,11,,,"2,981,862,683",,,,,,"1,130,623","205,378,928","2,236,949,447","65,178,593",,,,"267,590,937","332,769,530",,,"5,218,812,130",,,,,
[039830],,,,,,,,,,,,,,,,,,,,,,,,,,,,,,,,,,,,,,,,,,,,,,,,,,,,,,,,,,,,,,,,,,,,,,,,,"2,431,350,836",,,,,"171,369,201","135,785,627",,,,,,,,,,,,,,,,,,,,,"4,978,906,232",,,,,,,,,,,,,,,,,,,,,,,,140,,,"19,850,116,430",,,,,,"751,984,286","80,292,353","7,410,257,068","351,470,291",,,,"1,443,772,186","1,795,242,477",,,"27,260,373,498",,,,,
[010470],,,,,,,,,,,,,,,,,,,,,,,,,,,,,,,,,,,,,,,,,,,,,,,,,,,,,,,,,,,,,,,,,,,,,,,,,"544,613,467",,,,,"21,680,508","950,014,152",,,,,,,,,,,,,,,,,,,,,"8,339,504,489",,,,,,,,,,,,,,,,,,,,,,,,-18,,,"16,045,137,266",-18,,,,,"43,453,039","153,196,622","8,884,117,956","-71,781,868",,,,"-202,194,726","-273,976,594",,,"24,929,255,222",,,,,
[048260],,,,,,,,,,,,,,,,,,,,,,,,,,,,,,,,,,,,,,,,,,,,,,,,,,,,,,,,,,,,,,,,,,,,,,,,,"12,349,559,480",,,,,"850,564,208","94,151,115",,,,,,,,,,,,,,,,,,,,,"26,804,253,572",,,,,,,,,,,,,,,"241,297,924",,,,,,,,,815,,,"45,087,195,720",,,,,,"2,507,328,466","4,862,764,903","39,395,110,976","2,619,523,165",,"-1,579,413,234",,"11,262,472,611","13,881,995,776",,,"84,482,306,696",,,,,
[037400],,,,,,,,,,,,,,,,,,,,,,,,,,,,,,,,,,,,,,,,,,,,,,,,,,,,,,,,,,,,,,,,,,,,,,,,,"237,950,915",,,,,"12,022,888","69,391,980",,,,,,,,,,,,,,,,,,,,,"1,737,372,731",,,,,,,,,,,,,,,,,,,,,,,,2,,,"4,834,463,959",,,,,,"137,833,359","5,469,118","1,975,323,646",0,,,,"48,217,582","48,217,582",,,"6,809,787,605",,,,,
[136540],,,,,,,,,,,,,,,,,,,,,,,,,,,,,,,,,,,,,,,,,,,,,,,,,,,,,,,,,,,,,,,,,,,,,,,,,"1,046,051,425",,,,,"40,758,928","6,477,479",,,,,,,,,,,,,,,,,,,,,"5,070,819,123",,,,,,,,,,,,,,,,,,,,,,,,159,,,"7,630,984,714",164,,,,,"505,494,167","1,469,498,852","6,116,870,548","284,612,261",,,,"1,759,725,298","2,044,337,559",,,"13,747,855,262",,,,,
[011320],,,,,,,,,,,,,,,,,,,,,,,,,,,,,,,,,,,,,,,,,,,,,,,,,,,,,,,,,,,,,,,,,,,,,,,,,"-301,740,382",,,,,"2,096,624,959","61,623,369",,,,,,,,,,,,,,,,,,,,,"4,861,800,700",,,,,,,,,,,,,,,,,,,,,,,,26,,,"43,202,166,363",,,,,,"493,442,072","306,113,960","4,560,060,318","1,050,964,700",,,,"494,968,396","1,545,933,096",,,"47,762,226,681",,,,,
[056090],,,,"17,607,490",,,,,,,,,,,,,,,,,,,,,,,,,,,,,,,,,,,,,,,,,,,,,,,,,,,,,,,,,,,,,,,,"2,562,504,335",,,,,"646,435,581",,,,,"8,304,033","398,208,303",,,,,,,,,,,,,,,,,,,,,"2,580,111,825",,,,,,,,,,,,,,,,,,,,,,,,10,10,0,"3,255,845,734",,,,,,"410,261,234","228,029,722","3,226,547,406",0,,,,"74,299,799","74,299,799",,,"6,482,393,140",,,,,
[084370],,,,,,,,,,,,,,,,,,,,,,,,,,,,,,,,,,,,,,,,,,,,,,,,,,,,,,,,,,,,,,,,,,,,,,,,,"13,819,081,505",,,,,"942,201,036","417,448,869",,,,,,,,,,,,,,,,,,,,,"9,081,562,790",,,,,,,,,,,,,,,,,,,,,,,,502,,,"19,920,511,481",502,,,,,,"492,648,490","22,900,644,295","3,594,018,692",,,,"11,242,463,470","14,836,482,162",,,"42,821,155,776",,,,,
[025820],,,,,,,,,,,,,,,,,,,,,,,,,,,,,,,,,,,,,,,,,,,,,,,,,,,,,,,,,,,,,,,,,,,,,,,,,"1,682,369,482",,,,,"215,387,849","10,556,087",,,,,,,,,,,,,,,,,,,,,"1,114,072,848",,,,,,,,,,,,,,,,,,,,,,,,16,,,"51,364,299,499",,,,,,"1,298,715,834","115,536,145","2,796,442,330","161,021,092",,,,"543,000,463","704,021,555",,,"54,160,741,829",,,,,
[139480],,,,,,,,,,,,,,,,,,,,,,,,,,,,,,,,,,,,,,,,,,,,,,,,,,,,,,,,,,,,,,,,,,,,,,,,,"106,817,657,651",,,,,"9,977,065,614","9,915,862,199",,,,,,,,,,,,,,,,,,,,,"816,532,155,135",,,,,,,,,,,,,,,,,,,,,,,,"3,752",,,"2,399,940,157,645","3,752",,,,,"55,410,772,489","79,130,610,583","923,349,812,786","22,689,119,387",,,,"107,909,579,773","130,598,699,160",,,"3,323,289,970,431",,,,,
[005950],,,,,,,,,,,,,,,,,,,,,,,,,,,,,,,,,,,,,,,,,,,,,,,,,,,,,,,,,,,,,,,,,,,,,,,,,"1,579,912,929",,,,,"99,717,960","50,136,792",,,,,,,,,,,,,,,,,,,,,"9,704,402,621",,,,,,,,,,,,,,,,,,,,,,,,-194,,,"283,918,161,467",-194,,,,,"6,844,496,810","4,571,510,693","11,284,315,550","1,378,259,826",,"-801,670,002",,"-2,823,421,848","-1,445,162,022",,,"295,202,477,017",,,,,
[134060],,,,,,,,,,,,,,,,,,,,,,,,,,,,,,,,,,,,,,,,,,,,,,,,,,,,,,,,,,,,,,,,,,,,,,,,,"216,875,709",,,,,"26,245,231","1,450,447",,,,,,,,,,,,,,,,,,,,,"1,412,078,266",,,,,,,,,,,,,,,"5,031,603",,,,,,,,,80,,,"779,725,661",80,,,,,"13,383,745","40,978,311","1,633,985,578",,,"90,346,108",,"359,611,167","359,611,167",,,"2,413,711,239",,,,,
[000760],,,,,,,,,,,,,,,,,,,,,,,,,,,,,,,,,,,,,,,,,,,,,,,,,,,,,,,,,,,,,,,,,,,,,,,,,"-709,444,634",,,,,"182,928,837","23,910,226",,,,,,,,,,,,,,,,,,,,,"2,237,657,660",,,,,,,,,,,,,,,,,,,,,,,,-293,,,"11,189,198,301",,,,,,"282,312,898","13,318,564","1,528,213,026",0,,,,"-819,420,357","-819,420,357",,,"12,717,411,327",,,,,
[129260],,,,,,,,,,,,,,,,,,,,,,,,,,,,,,,,,,,,,,,,,,,,,,,,,,,,,,,,,,,,,,,,,,,,,,,,,"1,402,205,368",,,,,"1,177,755,034","7,173,261,485",,,,,,,,,,,,,,,,,,,,,"4,431,675,188",,,,,,,,,,,,,,,"618,046,699",,,,,,,,,-199,,,"97,805,319,152",-199,,,,,"2,810,257,201","1,128,024,644","5,568,787,055","53,993,689",,,,"-5,603,493,252","-5,657,486,941",,,"103,374,106,207",,,,,
[023810],,,,,,,,,,,,,,,,,,,,,,,,,,,,,,,,,,,,,,,,,,,,,,,,,,,,,,,,,,,,,,,,,,,,,,,,,"-2,124,969,028",,,,,"655,891,273","246,213,080",,,,,,,,,,,,,,,,,,,,,"267,589,817",,,,,,,,,,,,,,,"3,735,066,019",,,,,,,,,212,,,"26,926,934,856",212,,,,,"91,671,782","4,293,368,419","1,877,686,808","365,987,009",,,,"2,120,418,793","2,486,405,802",,,"28,804,621,664",,,,,
[007570],,,,,,,,,,,,,,,,,,,,,,,,,,,,,,,,,,,,,,,,,,,,,,,,,,,,,,,,,,,,,,,,,,,,,,,,,"3,210,465,040",,,,,"1,594,166,391","258,941,731",,,,,,,,,,,,,,,,,,,,,"13,602,376,519",,,,,,,,,,,,,,,"2,378,329,525",,,,,,,,,185,,,"28,826,705,233",185,,,,,"1,320,815,530","250,370,995","19,191,171,084","116,264,033",,,,"3,358,981,132","3,475,245,165",,,"48,017,876,317",,,,,
[159580],,,,,,,,,,,,,,,,,,,,,,,,,,,,,,,,,,,,,,,,,,,,,,,,,,,,,,,,,,,,,,,,,,,,,,,,,"2,603,380,360",,,,,"254,290,525","68,250,732",,,,,,,,,,,,,,,,,,,,,"17,217,771,731",,,,,,,,,,,,,,,,,,,,0,,,,114,114,0,"26,227,905,548",114,114,0,,,"270,881,789","173,440,295","19,821,152,091","436,344,518",,,,"2,255,634,141","2,691,978,659",,,"46,049,057,639",,,,,
[054950],,,,,,,,,,,,,,,,,,,,,,,,,,,,,,,,,,,,,,,,,,,,,,,,,,,,,,,,,,,,,,,,,,,,,,,,,"2,882,018,158",,,,,"305,252,865","347,011,875",,,,,,,,,,,,,,,,,,,,,"2,999,352,849",,,,,,,,,,,,,,,"1,531,343,408",,,,,,,,,348,,,"15,503,091,598",,,,,,"125,258,104","324,983,499","7,412,714,415","1,006,012,814",,,,"2,033,971,729","3,039,984,543",,,"22,915,806,013",,,,,
[000480],,,,,,,,,,,,,,,,,,,,,,,,,,,,,,,,,,,,,,,,,,,,,,,,,,,,,,,,,,,,,,,,,,,,,,,,,"6,693,443,324",,,,,"865,591,435","33,790,276",,,,,,,,,,,,,,,,,,,,,"10,930,916,496",,,,,,,,,,,,,,,,,,,,,,,,"2,922",,,"106,133,919,327","2,922",,,,,"1,286,029,967","5,783,064,523","17,624,359,820","2,526,866,486",,,,"9,495,412,553","12,022,279,039",,,"123,758,279,147",,,,,
[034940],,,,,,,,,,,,,,,,,,,,,,,,,,,,,,,,,,,,,,,,,,,,,,,,,,,,,,,,,,,,,,,,,,,,,,,,,"401,770,670",,,,,"311,936,292","65,538,685",,,,,,,,,,,,,,,,,,,,,"6,562,454,428",,,,,,,,,,,,,,,,,,,,,,,,13,,,"8,610,581,648",13,,,,,"310,214,093","28,545,313","6,964,225,098",,,,,"366,499,497","366,499,497",,,"15,574,806,746",,,,,
[185750],,,,,,,,,,,,,,,,,,,,,,,,,,,,,,,,,,,,,,,,,,,,,,,,,,,,,,,,,,,,,,,,,,,,,,,,,"16,711,625,021",,,,,"1,025,504,336","1,043,077,645",,,,,,,,,,,,,,,,,,,,,"52,008,468,467",,,,,,,,,,,,,,,"872,868,944",,,,,,,,,984,,,"146,159,005,917",,,,,,"1,045,638,296","443,330,240","87,735,236,963","4,565,267,056",,,,"10,653,607,656","15,218,874,712",,,"233,894,242,880",,,,,
[001630],,,,,,,,,,,,,,,,,,,,,,,,,,,,,,,,,,,,,,,,,,,,,,,,,,,,,,,,,,,,,,,,,,,,,,,,,"7,351,349,928",,,,,,,,,,,,,,,,,,,,,,,,,,,"1,705,410,772",,,,,,,,,,,,,,,"460,000,000",,,,,,,,,"1,435",,,0,,,,,,"67,498,325","260,867,666","9,056,760,700","-100,095,540",,,,"7,190,825,902","7,090,730,362",,,"9,056,760,700",,,,,
[044380],,,,,,,,,,,,,,,,,,,,,,,,,,,,,,,,,,,,,,,,,,,,,,,,,,,,,,,,,,,,,,,,,,,,,,,,,"-489,672,015",,,,,"12,880,642","20,299,710",,,,,,,,,,,,,,,,,,,,,"1,228,597,676",,,,,,,,,,,,,,,"299,162,360",,,,,,,,,,,,"9,266,603,930",,,,,,"65,158,950","369,469,058","738,925,661","62,012,652",,,,"-553,955,987","-491,943,335",,,"10,005,529,591",,,,,
[043610],,,,,,,,,,,,,,,,,,,,,,,,,,,,,,,,,,,,,,,,,,,,,,,,,,,,,,,,,,,,,,,,,,,,,,,,"48,847,937,534","2,458,311,937",,,,,"350,275","38,326,869",,,,,,,,,,,,,,,,,,,,,,,,,,,,,,,,,,,,0,,,,,,,,,44,,,,44,,,,,"91,705,661","520,166,783",,"401,675,351",,"114,733,031",,"2,561,854,145","2,963,529,496",,,"51,306,249,471",,,,,
[035000],"3,750,000",,"145,092,814",,"136,560,264","28,419,307",,,,,,,,,,,,,,"182,342,310",,,,"344,404,867",,"19,357,200",,,,,,,,,,,,,,,,,,,,,,,,"3,558,800","173,983,756",,,,"58,781",,,,,,"5,768",,,,,,,"614,622,754","6,975,654","208,682",,,"-501,226,358",,,,,"6,975,654","267,463",,,"220,471,452","34,461,000",,"20,205,000",,,,,,,,,,,"1,941,046,487",,"5,600,282","15,211,871","3,887,039,661","22,985,310","51,726,132","75,414,299","25,368,312",,,,,,,,,,,,,,,,,,,,10,,,"87,406,495",10,,,,,"3,564,568","173,983,756","3,385,813,303","-478,762,064",,,,"154,663,085","-324,098,979",,,"3,473,219,798",,,,,
[002780],,,,,,,,,,,,,,,,,,,,,,,,,,,,,,,,,,,,,,,,,,,,,,,,,,,,,,,,,,,,,,,,,,,,,,,,,"6,818,783,132",,,,,"2,234,598,912","1,638,143,519",,,,,,,,,,,,,,,,,,,,,"7,041,595,044",,,,,,,,,,,,,,,,,,,,,,,,51,,,"135,000,629,583",51,,,,,"153,189,847","241,861,454","13,860,378,176",,,,,"7,503,910,132","7,503,910,132",,,"148,861,007,759",,,,,
[030200],,,,,,,,,,,,,,,,,,,,,,,,,,,,,,,,,,,,,,,,,,,,,,,,,,,,,,,,,,,,,,,,,,,,,,,,"4,037,839,000,000","296,445,000,000",,,,,"165,397,000,000","56,836,000,000",,,,,,,,,,,,,,,,,,,,,,,,,,,,,,,,,,,,,,,,,,,,,"1,194",,,,"1,194",,,,,"114,110,000,000","106,287,000,000",,"104,548,000,000",,,,"292,635,000,000","397,183,000,000",,,"4,334,284,000,000",,,,,
[053210],,,,,,,,,,,,,,,,,,,,,,,,,,,,,,,,,,,,,,,,,,,,,,,,,,,,,,,,,,,,,,,,,,,,,,,,,"19,874,973,498",,,,,"1,129,566,856","1,421,210,529",,,,,,,,,,,,,,,,,,,,,"142,676,562,930",,,,,,,,,,,,,,,,,,,,,,,,289,,,,289,,,,,"93,766,551","1,738,690,926","162,551,536,428","7,484,428,396",,,,"13,743,825,804","21,228,254,200",,,,,,,,
[024880],,,,,,,,,,,,,,,,,,,,,,,,,,,,,,,,,,,,,,,,,,,,,,,,,,,,,,,,,,,,,,,,,,,,,,,,,"1,935,179,414",,,,,"955,556,332","216,222,172",,,,,,,,,,,,,,,,,,,,,"7,227,997,743",,,,,,,,,,,,,,,,,,,,,,,,123,123,,"58,449,796,597",123,123,,,,"1,871,451,386","1,068,208,603","9,163,177,157","55,687,660",,,,"1,815,583,131","1,871,270,791",,,"67,612,973,754",,,,,
[052400],,,,,,,,,,,,,,,,,,,,,,,,,,,,,,,,,,,,,,,,,,,,,,,,,,,,,,,,,,,,,,,,,,,,,,,,,"666,242,401",,,,,"543,678,523","106,143,035",,,,,,,,,,,,,,,,,,,,,"7,239,094,565",,,,,,,,,,,,,,,,,,,,,,,,275,,,"16,172,991,556",275,,,,,"439,303,912","3,446,055,812","7,905,336,966",0,,,,"4,110,529,789","4,110,529,789",,,"24,078,328,522",,,,,
[005420],,,,,,,,,,,,,,,,,,,,,,,,,,,,,,,,,,,,,,,,,,,,,,,,,,,,,,,,,,,,,,,,,,,,,,,,,"816,251,726",,,,,,,,,,,,,,,,,,,,,,,,,,,"2,262,211,137",,,,,,,,,,,,,,,"-477,388,676",,,,,,,,,-60,,,"22,875,706,900",-86,,,,,"1,718,977,004","431,375,837","3,078,462,863",0,,,,"-948,738,117","-948,738,117",,,"25,954,169,763",,,,,
[066310],,,,,,,,,,,,,,,,,,,,,,,,,,,,,,,,,,,,,,,,,,,,,,,,,,,,,,,,,,,,,,,,,,,,,,,,,"352,018,468",,,,,"157,653,176","115,435,005",,,,,,,,,,,,,,,,,,,,,"828,323,362",,,,,,,,,,,,,,,,,,,,,,,,74,,,"3,829,738,314",,,,,,"97,875","372,718,780","1,180,341,830","168,519,137",,,,"598,338,407","766,857,544",,,"5,010,080,144",,,,,
[219130],,,,,,,,,,,,,,,,,,,,,,,,,,,,,,,,,,,,,,,,,,,,,,,,,,,,,,,,,,,,,,,,,,,,,,,,,"-103,442,717",,,,,"17,520,204","559,052",,,,,,,,,,,,,,,,,,,,,"703,845,610",,,,,,,,,,,,,,,,,,,,,,,,2,,,"7,156,471,997",2,,,,,"969,177","101,230,373","600,402,893","4,186,300",,,,"9,593,331","13,779,631",,,"7,756,874,890",,,,,
[009410],,,,"-1,684,540,749",,,,,,,,,,,,,,,,,,,,,,,,,,,,,,,,,,,,,,,,,,,,,,,,,,,,,,,,,,,,,,,,"18,824,494,770",,,,,"66,548,823,623",,,,,"1,343,206,119","7,567,484,963",,,,,,,,,,,,,,,,,,,,,"17,139,954,021",,,,,,,,,,,,,,,"3,610,864,700",,,,,,,,,649,,,"369,875,013,795",649,,,,,"4,647,172,144","881,478,553","83,688,777,644","15,789,806,318",,,,"44,379,909,570","60,169,715,888",,,"453,563,791,439",,,,,
[131290],,,,,,,,,,,,,,,,,,,,,,,,,,,,,,,,,,,,,,,,,,,,,,,,,,,,,,,,,,,,,,,,,,,,,,,,,"-1,203,385,553",,,,,"164,375,506","68,640,805",,,,,,,,,,,,,,,,,,,,,"4,405,118,444",,,,,,,,,,,,,,,,,,,,,,,,-39,,,"13,415,799,406",-39,,,,,"2,214,208,828","2,924,093,734","3,201,732,891",0,,,,"-397,765,946","-397,765,946",,,"16,617,532,297",,,,,
[062860],,,,,,,,,,,,,,,,,,,,,,,,,,,,,,,,,,,,,,,,,,,,,,,,,,,,,,,,,,,,,,,,,,,,,,,,,"121,656,996",,,,,"2,371,932",3,,,,,,,,,,,,,,,,,,,,,"2,070,673,476",,,,,,,,,,,,,,,,,,,,,,,,64,,,"7,483,085,929",64,,,,,"26,075,215","73,692,322","2,192,330,472",,,,,"171,646,032","171,646,032",,,"9,675,416,401",,,,,
[106240],,,,,,,,,,,,,,,,,,,,,,,,,,,,,,,,,,,,,,,,,,,,,,,,,,,,,,,,,,,,,,,,,,,,,,,,,"685,377,137",,,,,"1,621,527,922","657,669,328",,,,,,,,,,,,,,,,,,,,,"6,146,223,765",,,,,,,,,,,,,,,"76,883,484",,,,,,,,,38,,,"16,412,986,136",38,,,,,"475,076,143","258,337,276","6,831,600,902",0,,,,"1,509,380,348","1,509,380,348",,,"23,244,587,038",,,,,
[016800],,,,,,,,,,,,,,,,,,,,,,,,,,,,,,,,,,,,,,,,,,,,,,,,,,,,,,,,,,,,,,,,,,,,,,,,,"4,510,767,919",,,,,"3,308,273,021","330,921,357",,,,,,,,,,,,,,,,,,,,,"15,125,455,494",,,,,,,,,,,,,,,,,,,,,,,,993,,,"59,547,930,932",,,,,,"284,137,857","4,970,142,612","19,636,223,413","2,803,988,803",,,,"9,370,135,535","12,174,124,338",,,"79,184,154,345",,,,,
[043370],,,,,,,,,,,,,,,"138,449,553,339",,,,,,,,,,,,,,,,,,,,,,,,,,,,,,,,,,,,,,,,,,,,,,,,,,,,,,,,,,"1,066,363,583",,,,,"3,053,073,064","539,168,825",,,,,,,,,,,,,,,,,,,,,"11,350,087,473",,,,,,,,,,,,,,,,,,,,,,,,164,,,"138,449,553,339",,,,,,"577,784,660","1,997,521,033","12,416,451,056","1,553,682,393",,,,"3,446,321,802","5,000,004,195",,,"150,866,004,395",,,,,"150,866,004,395"
[075130],,,,,,,,,,,,,,,,,,,,,,,,,,,,,,,,,,,,,,,,,,,,,,,,,,,,,,,,,,,,,,,,,,,,,,,,"2,104,301,857","170,171,517",,,,,"3,092,692","441,855",,,,,,,,,,,,,,,,,,,,,,,,,,,,,,,,,,,,,,,,,,,,,24,,,,24,,,,,"927,334","83,002,079",,"86,658,915",,,,"197,446,834","254,897,099","168,238,184","29,208,650","2,274,473,374",,,"2,274,473,374",,
[032580],,,,,,,,,,,,,,,,,,,,,,,,,,,,,,,,,,,,,,,,,,,,,,,,,,,,,,,,,,,,,,,,,,,,,,,,,"379,374,220",,,,,"12,161,422","12,424,214",,,,,,,,,,,,,,,,,,,,,"2,173,157,217",,,,,,,,,,,,,,,,,,,,,,,,13,,,"10,628,990,574",13,,,,,"491,383,304","408,105,494","2,552,531,437","6,899,383",,,,"288,934,235","295,833,618",,,"13,181,522,011",,,,,
[261200],,,,,,,,,,,,,,,,,,,,,,,,,,,,,,,,,,,,,,,,,,,,,,,,,,,,,,,,,,,,,,,,,,,,,,,,"11,421,740","-11,421,740",,,,,,,,,,,,,,,,,,,,,,,,,,,,,,,,,,,,,,,,,,,,,,,,,,,3,,,,3,,,,,"4,282,631","35,737,454",,"6,872,064",,,,"13,161,019","20,033,083","13,161,019",,0,,,,,
[013030],,,,,,,,,,,,,,,,,,,,,,,,,,,,,,,,,,,,,,,,,,,,,,,,,,,,,,,,,,,,,,,,,,,,,,,,,"1,321,593,267",,,,,"1,430,335,659","250,923,976",,,,,,,,,,,,,,,,,,,,,"3,656,601,394",,,,,,,,,,,,,,,,,,,,,,,,200,,,"25,276,748,652",,,,,,"10,972,713","865,546,787","4,978,194,661","629,221,899",,,,"2,726,357,125","3,355,579,024",,,"30,254,943,313",,,,,
[002960],,,,,,,,,,,,,,,,,,,,,,,,,,,,,,,,,,,,,,,,,,,,,,,,,,,,,,,,,,,,,,,,,,,,,,,,,"5,979,864,402",,,,,"709,693,740","440,756,247",,,,,,,,,,,,,,,,,,,,,"12,422,082,685",,,,,,,,,,,,,,,,,,,,,,,,"3,853",,,"33,526,438,284",,,,,,0,"239,288,063","18,401,947,087","1,478,635,700",,,,"5,009,454,258","6,488,089,958",,,"51,928,385,371",,,,,
[017890],,,,,"496,163,588","18,768,494",,,,"751,914,119",,,,,"45,299,601,963",,,,,"211,322,470",,,"1,890,000","203,244,457","41,136,415",,,,"1,501,928,650",,,,,,,"38,786,929","836,761","101,511,992",,"755,279",,,,,,,,,"8,211,595",,"171,026,111",,,,,,,,,"3,000","453,846","33,180",,,,,"46,025,858",,"11,767,368","144,004,910",,,"10,342,846,950","1,321,600",,,,"152,903,050","146,713,910",,,"99,378,408","5,906,920",,"189,455,768",,,,,,,,,,,"1,253,324,101",,"42,952,209","46,280,018","4,282,176,344","8,207,239","36,203,796","24,049,749","25,766,809",,,,,,,,,,,,,,,"816,000",,,,"3,950,000",393,393,,"46,051,516,082",393,393,,,,"487,026","171,781,390","14,625,023,294","2,430,486,684",,,,"8,089,843,770","10,520,330,454","8,089,843,770",,"60,676,539,376",,,"2,138,528,800",,"58,538,010,576"
[023350],,,,,,,,,,,,,,,,,,,,,,,,,,,,,,,,,,,,,,,,,,,,,,,,,,,,,,,,,,,,,,,,,,,,,,,,,"121,055,574",,,,,"2,856,997,019","40,021,325",,,,,,,,,,,,,,,,,,,,,"3,905,226,775",,,,,,,,,,,,,,,,,,,,,,,,195,,,"40,402,915,299",195,,,,,"398,658,137","124,477,968","4,026,282,349","525,243,869",,,,"2,138,607,230","2,663,851,099",,,"44,429,197,648",,,,,
[104700],,,,,,,,,,,,,,,,,,,,,,,,,,,,,,,,,,,,,,,,,,,,,,,,,,,,,,,,,,,,,,,,,,,,,,,,,"10,762,717,236",,,,,"3,327,143,589","357,350,984",,,,,,,,,,,,,,,,,,,,,"8,001,929,186",,,,,,,,,,,,,,,,,,,,,,,,268,,,"156,482,750,138",,,,,,"688,242","2,241,615,533","18,764,646,422","3,717,960,105",,"94,744,825",,"12,350,221,852","16,068,181,957",,,"175,247,396,560",,,,,
[002390],,,,,,,,,,,,,,,,,,,,,,,,,,,,,,,,,,,,,,,,,,,,,,,,,,,,,,,,,,,,,,,,,,,,,,,,,"6,855,758,593",,,,,"135,168,001","521,465,430",,,,,,,,,,,,,,,,,,,,,"31,899,016,187",,,,,,,,,,,,,,,,,,,,,,,,205,,,"69,814,356,117",205,,,,,"1,408,172,750","107,926,569","38,754,774,780","2,609,540,515",,,,"2,559,674,468","5,169,214,983",,,"108,569,130,897",,,,,
[018880],,,,,,,,,,,,,,,,,,,,,,,,,,,,,,,,,,,,,,,,,,,,,,,,,,,,,,,,,,,,,,,,,,,,,,,,,"25,395,058,395",,,,,"21,261,245,187","32,049,047,872",,,,,,,,,,,,,,,,,,,,,"63,016,467,864",,,,,,,,,,,,,,,,,,,,,,,,20,,,"547,334,038,706",20,,,,,"8,234,265,848","3,233,909,180","88,411,526,259","-937,981,186",,,,"10,544,880,228","9,606,899,042",,,"635,745,564,965",,,,,
[024740],,,,,,,,,,,,,,,,,,,,,,,,,,,,,,,,,,,,,,,,,,,,,,,,,,,,,,,,,,,,,,,,,,,,,,,,,"507,054,240",,,,,"665,338,402","444,519,980",,,,,,,,,,,,,,,,,,,,,"2,054,020,010",,,,,,,,,,,,,,,,,,,,,,,,2,,,"28,059,940,565",2,,,,,"782,255,937","17,476,448","2,561,074,250","-95,439,447",,,,"58,532,620","-36,906,827",,,"30,621,014,815",,,,,
[300720],,,,,,,,,,,,,,,,,,,,,,,,,,,,,,,,,,,,,,,,,,,,,,,,,,,,,,,,,,,,,,,,,,,,,,,,,"4,559,296,228",,,,,"1,014,533,046","97,343,539",,,,,,,,,,,,,,,,,,,,,"23,485,802,659",,,,,,,,,,,,,,,,,,,,,,,,908,,,"176,722,504,462",,,,,,"1,515,813,042","670,017,297","28,045,098,887","866,359,773",,,,"3,764,330,217","4,630,689,990",,,"204,767,603,349",,,,,
[003300],,,,,,,,,,,,,,,,,,,,,,,,,,,,,,,,,,,,,,,,,,,,,,,,,,,,,,,,,,,,,,,,,,,,,,,,,"10,596,503,175",,,,,"70,019,002","2,774,880,672",,,,,,,,,,,,,,,,,,,,,,,,,,,,,,,,,,,,"2,219,318,528",,,,,,,,,"1,042",,,,,,,,,"1,948,912,311","3,723,191,387",,"3,420,745,705",,,,"6,245,174,876","9,665,920,581",,,,,,,,
[130660],,,,,,,,,,,,,,,,,,,,,,,,,,,,,,,,,,,,,,,,,,,,,,,,,,,,,,,,,,,,,,,,,,,,,,,,,"5,348,551,323",,,,,"717,565,052","113,200,170",,,,,,,,,,,,,,,,,,,,,"3,945,960,357",,,,,,,,,,,,,,,,,,,,,,,,173,158,15,"45,534,915,306",,,,,,"193,421,248","609,082,584","9,294,511,680","1,227,821,030",,,,"5,638,779,437","6,368,577,541","5,140,756,511","498,022,926","54,829,426,986",,,,,
[097230],,,,,,,,,,,,,,,,,,,,,,,,,,,,,,,,,,,,,,,,,,,,,,,,,,,,,,,,,,,,,,,,,,,,,,,,,"-29,000,000",,,,,"15,441,000,000","40,097,000,000",,,,,,,,,,,,,,,,,,,,,"30,838,000,000",,,,,,,,,,,,,,,"112,000,000",,,,,,,,,-867,,,"278,358,000,000",,,,,,"65,768,000,000","8,972,000,000","30,809,000,000","-9,214,000,000",,,,"-72,155,000,000","-81,369,000,000",,,"309,167,000,000",,,,,
[003480],,,,,,,,,,,,,,,,,,,,,,,,,,,,,,,,,,,,,,,,,,,,,,,,,,,,,,,,,,,,,,,,,,,,,,,,,"5,087,000,000",,,,,,"54,381,000,000",,,,,,,,,,,,,,,,,,,,,,,,,,,,,,,,,,,,,,,,,,,,,"-1,988",,,"1,009,000,000",,,,,,"546,000,000","133,000,000",,"2,156,000,000",,,,"-51,863,000,000","-49,707,000,000",,,"6,096,000,000",,,,,
[086280],,,,,,,,,,,,,,,,,,,,,,,,,,,,,,,,,,,,,,,,,,,,,,,,,,,,,,,,,,,,,,,,,,,,,,,,,"143,915,915,208",,,,,"51,215,676,762","72,798,503,172",,,,,,,,,,,,,,,,,,,,,"89,794,672,763",,,,,,,,,,,"2,972",,,,,,,,,,,,,,,,"3,155,268,510,126",,,,,,"21,815,585,385","53,934,637,203","233,710,587,971","43,018,026,554",,,,"111,434,114,062","154,452,140,616",,,"3,388,979,098,097",,,,,
[012330],,,,,,,,,,,,,,,,,,,,,,,,,,,,,,,,,,,,,,,,,,,,,,,,,,,,,,,,,,,,,,,,,,,,,,,,,"328,334,000,000",,,,,"23,633,000,000","17,045,000,000",,,,,,,,,,,,,,,,,,,,,"444,617,000,000",,,,,,,,,,,,,,,"210,859,000,000",,,,,,,,,"5,981",,,"4,535,499,000,000",,,,,,"20,060,000,000","234,921,000,000","772,951,000,000","194,236,000,000",,,,"566,406,000,000","760,642,000,000",,,"5,308,450,000,000",,,,,
[069960],,,,,,,,,,,,,,,,,,,,,,,,,,,,,,,,,,,,,,,,,,,,,,,,,,,,,,,,,,,,,,,,,,,,,,,,,"65,980,511,000",,,,,"6,221,523,000","1,558,016,000",,,,,,,,,,,,,,,,,,,,,"210,048,503,000",,,,,,,,,,,,,,,,,,,,,,,,"2,685",,,"66,395,107,000","2,685",,,,,"3,786,817,000","13,269,082,000","276,029,014,000","19,555,241,000",,,,"60,571,042,000","80,126,283,000",,,"342,424,121,000",,,,,
[005380],,,,,,,,,,,,,,,,,,,,,,,,,,,,,,,,,,,,,,,,,,,,,,,,,,,,,,,,,,,,,,,,,,,,,,,,,"235,271,000,000",,,,,"237,841,000,000","192,992,000,000",,,,,,,,,,,,,,,,,,,,,"1,676,519,000,000",,,,,,"3,023",,,"3,023",,,,,,,,,,,,,,,,,,"9,365,142,000,000",,,,,,"53,646,000,000","340,555,000,000","1,911,790,000,000","107,885,000,000",,"335,705,000,000",,"794,849,000,000","902,734,000,000",,,"11,276,932,000,000",,,,,
[011760],,,,,,,,,,,,,,,,,,,,,,,,,,,,,,,,,,,,,,,,,,,,,,,,,,,,,,,,,,,,,,,,,,,,,,,,,"7,924,732,250",,,,,"11,200,299,642","12,505,671,319",,,,,,,,,,,,,,,,,,,,,"14,487,868,078",,,,,,,,,,,,,,,"5,555,442,581",,,,,,,,,665,,,"852,641,250,928",665,,,,,"6,984,609,304","5,131,604,513","22,412,600,328","1,906,154,824",,,,"8,415,643,539","10,321,798,363",,,"875,053,851,256",,,,,
[227840],,,,,,,,,,,,,,,,,,,,,,,,,,,,,,,,,,,,,,,,,,,,,,,,,,,,,,,,,,,,,,,,,,,,,,,,,"2,660,637,542",,,,,"232,518,752","204,861,197",,,,,,,,,,,,,,,,,,,,,"3,369,247,555",,,,,,,,,,,,,,,"1,417,892,682",,,,,,,,,409,,,"40,755,315,057",,,,,,"331,624","352,956,462","6,029,885,097","901,923,316",,,,"3,556,889,301","4,458,812,617",,,"46,785,200,154",,,,,
[008770],,,,,,,,,,,,,,,,,,,,,,,,,,,,,,,,,,,,,,,,,,,,,"3,542,844,725",,,,,,,,,,,,,,,,,,,,,,,,"5,727,594,883",,,,"72,007,165,062",,,,,"-11,621,897,245",,,,,,,,,,,,,,,,,,,,,,,,,,,,,,,,,,,,,"45,826,795,704",,,"-10,646,340,093",,,,,,"1,210",,,,"1,260",,,,,,,,"-14,558,472,113",,,,,"60,385,267,817",,,"1,046,128,770,827",,,,,
[010660],,,,,,,,,,,,,,,,,,,,,,,,,,,,,,,,,,,,,,,,,,,,,,,,,,,,,,,,,,,,,,,,,,,,,,,,,"-1,805,693,406",,,,,"430,425,746","27,069",,,,,,,,,,,,,,,,,,,,,"5,284,443,424",,,,,,,,,,,,,,,,,,,,,,,,-58,,,"36,172,265,700",,,,,,"4,486,006","140,004,477","3,478,750,018","-23,653,888",,,,"-1,216,122,370","-1,239,776,258",,,"39,651,015,718",,,,,
[004800],,,,,,,,,,,,,,,,,,,,,,,,,,,,,,,,,,,,,,,,,,,,,,,,,,,,,,,,,,,,,,,,,,,,,,,,,"20,862,324,766",,,,,"524,418,529","210,785,520",,,,,,,,,,,,,,,,,,,,,"12,005,397,121",,,,,,,,,,,,,,,853,,,,,,,,,,,,"81,988,501,614",,,,,,"2,809,400,196","1,199,384,215","32,867,721,887","2,218,379,583",,,,"17,347,562,211","19,565,941,794",,,"114,856,223,501",,,,,
[298020],,,,,,,,,,,,,,,,,,,,,,,,,,,,,,,,,,,,,,,,,,,,,,,,,,,,,,,,,,,,,,,,,,,,,,,,,"23,531,173,658",,,,,"28,273,667,728","3,279,007,104",,,,,,,,,,,,,,,,,,,,,"29,157,292,483",,,,,,,,,,,,,,,"3,096,642,510",,,,,,,,,"8,340",,,"824,245,307,353","8,340",,,,,"21,811,653,023","14,961,755,853","55,785,108,651","5,681,799,497",,,,"35,994,137,615","41,675,937,112",,,"880,030,416,004",,,,,
[298000],,,,,,,,,,,,,,,,,,,,,,,,,,,,,,,,,,,,,,,,,,,,,,,,,,,,,,,,,,,,,,,,,,,,,,,,,"26,031,997,841",,,,,"1,430,557,811","1,213,335,722",,,,,,,,,,,,,,,,,,,,,"14,656,192,510",,,,,,,,,,,,,,,0,,,,,,,,,"4,291",,,"405,346,574,753",,,,,,"19,577,575,190","6,251,272,828","46,156,094,973","-713,610,462",,,,"13,636,528,030","12,922,917,568",,,"451,502,669,726",,,,,
[050090],,,,,,,,,,,,,,,,,,,,,,,,,,,,,,,,,,,,,,,,,,,,,,,,,,,,,,,,,,,,,,,,,,,,,,,,,"89,861,444",,,,,"42,960,650","1,374,656",,,,,,,,,,,,,,,,,,,,,"491,066,992",,,,,,,,,,,,,,,0,,,,,,,,,1,,-12,"1,926,012,237",1,,-12,,,"10,661,097","28,713,277","580,928,436",0,,0,,"-699,450,554","88,956,582","88,956,582","-788,407,136","2,506,940,673",,,,,
